pathway	MHS328	MHS331	MHS374	MHS379	MHS384	MHS386	MHS389	MHS390	MHS394	MHS396	MHS405	MHS411	MHS415	MHS418	MHS422	MHS427	MHS430	MHS433	MHS435	MHS438	MHS439	MHS443	MHS594
HALLMARK_ADIPOGENESIS	0.13379077097843836	-0.15507654387724412	-0.16513319706150192	-0.11121531417067743	0.29594216512736693	-0.2157791688005139	-0.1078422179755305	0.0935633682159487	0.2757499752580561	0.050174481060078754	-0.3080636785311862	0.07561308605040018	0.18389706868499697	-0.2139033032912982	-0.008534943322453609	-0.18606378080022862	-0.050795215611875055	0.07230143248789085	-0.15525956188547585	-0.14186883343337225	0.3432152486556582	0.1298529820614069	0.14664014506299616
HALLMARK_ALLOGRAFT_REJECTION	0.4099823647851471	-0.04291279747071089	0.4418838663020638	-0.18131438404057354	-0.4202818536090599	0.20340424810280466	0.2471505869275989	0.44097762301444826	-0.2679979813014822	0.43405191303900004	0.27377504136894193	0.1819556177785438	-0.047478190709717205	0.4269037767221342	0.1686882017895227	0.10017762071274866	0.13460118414866004	-0.18526376902652553	-0.051956340463705036	0.07658635775697098	-0.42567491183036804	-0.35864393328102084	-0.46554016687593647
HALLMARK_ANDROGEN_RESPONSE	-0.060481998737880294	-0.14593620342044383	-0.01145083276772782	-0.06105451710986523	0.3473903028726073	-0.175512628233769	0.2205162313695077	0.11716512208115293	0.24493575775251653	-0.0917797502722041	-0.23070813312363206	-0.014348966938557195	-0.013356330831221258	0.03279681164017487	-0.18155167422284524	-0.31463764026545205	-0.13229802583392164	0.3176757299334732	-0.4755994134795272	-0.1243435390420376	0.18514568771889617	0.1339283018432796	0.14202882482503726
HALLMARK_APICAL_JUNCTION	0.17507978835869978	-0.049602794380824045	0.023604044196335577	-0.06130787367632906	-0.23725243931001952	-0.013537491362048015	-0.16250466820539444	-0.010090373488954418	0.019017099798768616	0.1666694023301994	0.3310925447643682	-0.13056330281166084	-0.039015792563325796	0.15306645179294814	-0.13466051062290013	-0.0171275113011852	0.11109421738762226	0.10933984585469922	0.03708247174733306	-0.04326848008092646	-0.11215457015638805	-0.13068561074836496	-0.09094543062605157
HALLMARK_APOPTOSIS	0.3078231183890566	0.23313160679728123	0.2423454228452364	-0.04466920257617832	-0.29538100153076835	0.0034668103937484096	0.009280090927239415	0.10879827778393567	-0.32531153903476095	0.1256650245370149	0.0635407559663196	-0.11642843486732536	-0.0017551252931038708	0.28848128767953035	0.17475574856473952	-0.05950889200429202	-0.04813074494535824	-0.2214845075705802	0.10423528071628986	-0.058128364134713006	-0.18055313198197187	-0.13941246381974148	-0.32213761832906845
HALLMARK_BILE_ACID_METABOLISM	0.2392792792792678	-0.020024836167359172	0.024932589988519188	0.0023170863716374945	0.1347926341812682	-0.10119090975794437	-0.1618812888283908	0.021770845641806508	0.33058336130538973	-0.17901942847938557	-0.29357506917140813	-0.2545605285861753	-0.020483337933187434	0.10352953829275965	0.15061350478056135	0.011640941434051394	-0.483080436289992	0.10351282022971467	-0.2899513896353894	0.039171791717915905	0.1092116366866408	0.30276912043891807	0.48824650211290316
HALLMARK_CHOLESTEROL_HOMEOSTASIS	-0.09695096591447996	0.03105145081056984	-0.042140545791606365	-0.010052661140040109	0.07656984266681158	0.13383488349175082	-0.21825482081669764	-0.18428997591215618	0.25392962842216643	-0.09737955337514032	-0.2159100146931655	-0.07438285957216415	-0.043466091965886355	-0.01844672173104628	0.03166458337949146	-0.05600566614560287	0.06775673618884956	0.09963887879455555	0.18348158673835718	-0.40434747041375807	0.3678609739219291	-0.0014020844898026408	0.08441600494626661
HALLMARK_COAGULATION	0.10168395171056555	0.059566180975554286	0.09932970798368959	-0.31751495645885247	-0.19697140233307298	0.05943962839136846	-0.21728781254335172	0.2266715273839684	0.24738648438887184	0.11860032175764973	-0.08670067905342138	0.041716070386051185	-0.03396313936667425	0.05616975405273092	-0.13714262199990282	0.075379653834587	0.2670831875992627	0.02039118855670008	0.14159922513535328	0.30046282635976057	-0.07578079519712362	-0.2572126456007604	-0.13617660351022948
HALLMARK_COMPLEMENT	0.2736575040065038	0.08902046554326534	0.33411595280319684	-0.2223001811385731	-0.22071021114816275	-0.16577865769289318	0.18567807185437651	0.37572994348568517	-0.14497213877199586	0.1378492341368498	0.005038448007013363	-0.13661902242700075	0.015786694894826675	0.315344508780386	0.037974988761016376	0.2031916656928707	-0.1718397276849572	-0.21913934380021544	0.10147875809647355	-0.08552012088325062	-0.19949310889039257	-0.2864006945211771	-0.14770719870425147
HALLMARK_DNA_REPAIR	0.11195756287854788	0.09505780930288832	0.2970585823053976	-0.11331477412008367	-0.21422022786448894	-0.3041026589098321	0.31591201792184503	0.13328276272499845	-0.06101473306234062	0.051701361810258833	-0.1445184687418422	-0.05631106273264366	0.10664109925190184	0.17078059156386494	0.16623751454758492	-0.00766686130535546	-0.08207555050352816	-0.12477239123245837	0.10167832601686655	0.19351757132076847	0.22163815291473188	-0.39022238442434803	0.18997763639402707
HALLMARK_E2F_TARGETS	0.07777317721309113	-0.3419001933365947	-0.08843865139910474	0.23260551350639055	-0.2563713126022823	0.30274260127788544	-0.13687876080522138	-0.12264600199142422	-0.1198436149565068	0.28037134145068676	0.38746285882551323	-0.03728757097138208	0.01764127527155751	-0.24818479270595015	-0.1358930174635773	0.04024604768889939	0.3982672118091927	0.14503689369895623	-0.17275720636894276	0.10099788267159374	-0.3528600117980076	0.050003436442431576	-0.3833849706410445
HALLMARK_EPITHELIAL_MESENCHYMAL_TRANSITION	0.376890998068233	-0.23192772549614876	0.46051344442899433	-0.05458664367639143	-0.3915194821040798	-0.10168568616509197	0.2723543014517446	0.3585216183366984	-0.261435339980337	0.15114182096073156	0.1540714271007547	0.0636562620604541	0.36317345112470445	0.3126522777396229	0.3644094524195723	-0.0839059444271037	-0.32058745500012586	-0.4117449767501446	0.342266416491775	-0.25535417487872686	-0.3651434228703449	-0.381567413333134	-0.3344232585346096
HALLMARK_ESTROGEN_RESPONSE_EARLY	0.23840060056381732	-0.10798440293139859	-0.09023496586328977	0.07166999522739259	0.20765499812364233	-0.19602773680893876	-0.2660682242411583	-0.1851032790841041	0.1657214387892787	-0.1686663001233647	-0.038614647299840904	0.10804794938626011	-0.12394599216947555	0.003440704747163348	-0.019781744837792853	-0.049840035143807665	-0.04357162525658331	0.14172181364729433	-0.3190528992686838	-0.12515415722473774	0.15399148370143995	0.11631870273474686	0.09097540371526491
HALLMARK_ESTROGEN_RESPONSE_LATE	0.15106482563127838	-0.06238642856573326	-0.11030127602968237	0.1227160944968076	0.09510691221740111	-0.2941671586321299	-0.4027626864126368	-0.2962492310069811	0.08367208554704528	-0.20226886138642744	0.10740947184910475	0.21654578469452934	-0.1662034692604205	-0.03921266020463429	0.02131357490472824	0.14939013053689118	0.014401969049363639	0.0882266695866011	-0.14383037641570606	-0.2227623745831922	0.13909211012725353	0.16494656797722784	0.15330817754300963
HALLMARK_FATTY_ACID_METABOLISM	0.1052115160997705	-0.16150844447087742	-0.33715940165805613	-0.059597034329629706	0.37207055471263606	-0.1618272592081535	0.015987017944312343	-0.13642338060667997	0.4517471769369933	-0.3360540143966661	-0.3715988584751584	-0.07355162954234623	0.10726943979203482	-0.13318412506001298	-0.08778530328998564	-0.18451811052828204	-0.20761369562153023	0.21742166915334937	-0.1657723417349383	-0.08946602028668951	0.10454284893088742	0.1464276347520979	0.36419725488183613
HALLMARK_G2M_CHECKPOINT	-0.08039279673285275	-0.2958885748912502	0.10651443509272855	0.039806639909978264	-0.2566096033271954	-0.0751125607018499	-0.16270595784186648	0.028977085287089116	-0.13915453110315149	-0.05457094322333775	0.32654086065296084	0.12661856824856427	-0.003175153885940446	0.1466003131674632	-0.0841875159183309	0.08114167047783771	0.1434923774524712	-0.1288433979835522	-0.09873145533501196	0.051108398832358126	-0.2501818197988842	0.058696870751065916	-0.1728390354068107
HALLMARK_GLYCOLYSIS	0.2527668175038606	0.3292799419210638	0.0910612656946478	0.023225940244382737	0.0739870221778867	-0.03399672019684205	0.18941419094038617	0.2573446090179527	-0.07198026726241186	0.0011159215330240613	-0.27760640236842243	0.021972162901791076	0.19854810033912848	-0.03917248560340117	-0.1361645750887097	-0.30471483200620086	-0.25675683256013365	0.0075067685520213145	-0.21896619669890974	-0.2930250951522503	-0.06481551308343475	-0.05293528192453184	0.18948217069361223
HALLMARK_HEME_METABOLISM	0.09313344648415181	0.061873752504995605	-0.018455334517010147	-0.01569101918625787	0.1751941121002433	-0.05701425118277671	0.09343595869382115	0.09401539168851225	0.3754152630654982	-0.1649300356673911	-0.27785528985524405	-0.33533217220391204	-0.06125918433522867	-0.0014009002399491266	-0.18958225975748083	-0.3599661917045308	-0.41352472747529556	-0.09117993401550438	0.04624377603229346	-0.22222350363733473	0.23393370168235245	0.19088819643159483	0.36652471545016874
HALLMARK_HYPOXIA	0.4812567733488054	0.1254744736762103	0.24955568363731362	-0.22673746548140558	-0.07792476216289446	-0.1663349455894898	0.2703765509771123	0.31931829255609506	0.02340550783878967	0.07767528115551607	-0.3218590176025922	-0.12648960628130118	0.03867976136429059	0.20933401754013684	-0.2297791947673773	-0.24148610532475426	-0.22212130521067674	-0.13547387551944645	0.07377647468000813	-0.22943185625789284	0.00950184993723148	-0.033448754991414864	0.12467362941877048
HALLMARK_IL2_STAT5_SIGNALING	0.24197362204358158	-0.15037637010006363	0.19394124566800408	0.014779925588944615	-0.14335970862975161	0.0064335765808408996	0.12583011972937752	0.10286469675948826	-0.15819845160377266	0.15286691277140646	0.06560856874555582	0.11661582691448402	0.022826198208450443	0.08111048729889984	0.1142061737056535	-0.010960373859202677	-0.016488656678921576	-0.15626517275008	0.04740228207051013	-0.11195312674690867	-0.3525397871179989	-0.023743492940366234	-0.1579567794218941
HALLMARK_IL6_JAK_STAT3_SIGNALING	0.5175205009989094	0.18959613163151842	0.5124295472291546	-0.07696699806654723	-0.32682784652297114	-0.04567319541870432	0.02437504679176225	0.38051500497056684	-0.3413870128598284	0.3343366871673341	-0.09843807666693871	-0.11342030606289555	-0.02738559517527936	0.5412106136068984	0.24739693751067632	-0.1545187512142276	-0.2679114690767379	-0.43456157230274817	0.21468929955484115	-0.2834753309244311	-0.288962410734771	-0.46677921909123243	-0.22335959230949337
HALLMARK_INFLAMMATORY_RESPONSE	0.47466337146095394	0.2741488166009537	0.5588533260460355	-0.15024643779024738	-0.4196003872132288	-0.049202418208473625	0.12539237963841968	0.4819641257244577	-0.2620093533158662	0.36302196787550883	-0.04952065180272097	-0.013582805795762848	0.21596524065970243	0.42253596374085595	0.36401730358681916	-0.07924974059368901	-0.39379588887217865	-0.501358614268898	0.13737913925133388	-0.09238217485673826	-0.2791357962578287	-0.514279608498161	-0.28440418092458486
HALLMARK_INTERFERON_ALPHA_RESPONSE	0.449108089366849	0.18918278561532142	0.6668303151342068	-0.32698703966174764	-0.4674681609167793	-0.18986650064997393	0.3312589187904323	0.6441490795047065	-0.4195848314552893	0.38602772032040045	0.05644076955318769	-0.2628202000734852	-0.2523128292114321	0.5711758622780901	0.4553981942513939	-0.03129865567818452	-0.16472509456588905	-0.4830045499077364	0.3344948976175844	-0.08425534012360664	-0.37715191733141323	-0.4324071855302021	-0.41781276139234225
HALLMARK_INTERFERON_GAMMA_RESPONSE	0.44618228625814227	0.09638137896473428	0.59662251433719	-0.23395098471933884	-0.4199558276173432	0.09156523719250213	0.15974872437528498	0.5350323170995562	-0.31815733446622874	0.4086727302748573	-0.009809208940011721	-0.05113929088175416	-0.04857919481398153	0.541968612212035	0.2508370851176332	-0.07644989081091144	-0.11810519540493572	-0.4262152584581978	0.24876591702641346	-0.15190311302817544	-0.3450182638581462	-0.4577094780631022	-0.4082253426520203
HALLMARK_KRAS_SIGNALING_DN	-0.061756486824361884	0.36973777266958485	-0.027824357879010247	0.030376481889818147	0.3281556314799337	-0.0275110166895563	-0.2179857341012732	-0.12184735529503923	0.21738949159657348	0.09790899975179349	-0.3626110493057105	0.18263798741942233	-0.04407513825741746	-0.06905650573009275	0.3250807153163767	0.2759282250950366	-0.16030258563267846	-0.025434426819300943	-0.22786875153902633	-0.07394771642428175	-0.15321936581904516	0.3255471859086775	0.00766042265702313
HALLMARK_KRAS_SIGNALING_UP	0.27830332335005875	-0.09205440812859512	0.3778258377608726	0.11010441115356831	-0.23823614068658702	0.2199369378959269	0.08391460901557513	0.12910623221356335	-0.28178887159242205	0.3193436211152541	0.052325542481551995	0.19968699105879487	0.050562574876562794	0.18667853352437105	0.05219661369085726	0.08371168069963311	-0.19954396898380197	-0.19108014847145482	-0.01742742329388247	-0.19650096150794802	-0.4257408366626808	-0.31068318005397366	-0.21501718872656617
HALLMARK_MITOTIC_SPINDLE	3.0194600394684024e-4	-0.05961535503416196	-0.2095137355391647	-0.09104031143292399	-0.06489778857487888	-0.014432661802249558	-0.008296666595112356	-0.14833727529037274	-0.06363448775281719	-0.00960482368829918	0.4264438391818222	0.060633649071778484	-0.109486058064826	-0.08766229880668558	-1.5383432460616686e-4	0.04136408270187103	0.10590850208598115	-0.002191112663304323	0.18265266201275743	-0.13212337377460887	-0.059750243335692954	0.09767633367211148	-0.13311063607316664
HALLMARK_MTORC1_SIGNALING	0.20287232635074082	0.06976305203760567	0.03240604211156854	-0.008582919857090587	0.07138456472171012	0.039024922844768994	0.19340166425623417	0.18876343949048208	0.22093174749243882	0.22467586195710268	-0.2675189909145453	-0.13152704431544865	-0.023743653383522495	0.0428951659336918	-0.27628635406439006	-0.21051244807899047	-0.14948879723959613	-0.11620668779489776	-0.1798719588391241	-0.2583880704067969	-0.09557117930902664	0.03940019272091991	0.05124769431014961
HALLMARK_MYC_TARGETS_V1	-0.21482370874356213	-0.35323327888476186	-0.3090951830232906	-0.03397212619224968	-0.12958112478746991	0.08410106159896266	-0.10640013197672848	-0.23736405372873548	0.24642044459394363	0.02303653972692657	0.09075944202989228	0.09924868478800915	-0.01527121556076716	-0.30074241662348683	-0.32546462571288914	0.13594239874273203	0.12941228353389245	0.3816573082593768	0.085084640269662	-0.1374374851698651	0.012034242721974536	0.24300894447839178	-0.0301927651458051
HALLMARK_MYOGENESIS	0.03301361185339857	0.09117464328522928	-0.17103222512321933	0.08255773089817062	-0.09842764142356566	0.05566477791569324	-0.06726461398876618	-0.00498641861833396	0.10595166828873884	-0.08121402929133771	0.05580892657303174	-0.12953530373831204	0.002767429180144748	-0.14896568046697367	0.11793034222015528	-0.17518215541841395	0.09857257947181838	0.0588219992547902	-0.08179657311060061	-0.2671763900880434	0.11383146866965946	-0.03839541449471867	0.10718366689130845
HALLMARK_OXIDATIVE_PHOSPHORYLATION	-0.10609468003587322	0.04043316409403916	-0.3606451980311975	-0.02825618456001691	0.1506366455596885	-0.12125389657304746	0.22854002203906595	-0.2960638254266249	0.1660503102740813	-0.14770393035368262	-0.3112805463613587	0.017383899130891417	0.09429779958333422	-0.40410265758188424	-0.24927822696313442	-0.0019538365779238898	0.05677907248240309	0.1669673503701054	0.09746985427299112	0.047931110218605216	0.168579896527554	0.2055570784889238	0.3543129574759003
HALLMARK_P53_PATHWAY	0.10101888158994607	0.10401492746991346	0.08513466577154846	0.09569974469232731	-0.08284957277896753	-0.2729624144811689	-0.06828855490677818	0.0978632122076612	-0.242402431405304	-0.02800911320413943	-0.1774503524973034	-0.09573237799707959	-0.06121512476606611	0.18609467822104814	0.19831564169233354	0.05002874843154384	-0.18519693380455543	-0.12254485000502052	-0.1488871813050348	0.011009369171741445	-0.16820252490089113	-0.03581025671593294	0.07107903121736106
HALLMARK_PEROXISOME	0.2626168512070283	-0.1042969796766274	-0.22473609072268141	0.17971564203949572	0.22092862204873814	-0.023872675913333946	-0.04891610197891241	-0.27438109912685515	0.40375489289356614	-0.1845262982951818	-0.05379320563825227	-0.009265675382732319	-0.01707072463081355	-0.23060816383850385	-0.16314999108223202	-0.1326387102490706	-0.2484944312473771	0.43861441315615535	-0.021631232497272362	-0.20965845638924815	0.18254979117591102	-0.004169230494463466	0.28226806358047163
HALLMARK_PI3K_AKT_MTOR_SIGNALING	-0.09195972559175844	0.02456189084295418	-0.03297008728249637	-0.18569136210183998	0.03633023978067093	-0.050251572056347116	0.002482740274906997	0.1735550188426144	0.1503008289495683	0.1632209567586727	0.06722111739570824	0.15006866320160095	-0.09806214208355829	0.09280228932824625	0.07547370978648354	-0.13851370697830037	-0.08103166367900574	-0.12356040523737336	-0.10603572048610248	-0.30767479448632695	-0.17630771089282343	0.03937540036704226	-0.0924083685296927
HALLMARK_PROTEIN_SECRETION	0.04155221203018264	0.2616971352276005	0.19498116869675974	0.050812896644684025	-0.018847817245228854	-0.05035168375573318	0.4148966543806276	0.23135024542490953	0.036948955207761036	-0.024756809939088104	-0.10139556511324208	-0.2326837598439823	-0.08561775661628229	0.17042141995773555	-0.19842051296349245	-0.1998635217538755	-0.23773219169656606	-0.2514757794048636	0.044151698902450354	-0.19274566297864493	-0.08384019016311331	0.01906660208365138	0.16822529844313916
HALLMARK_REACTIVE_OXYGEN_SPECIES_PATHWAY	-0.21964302175086536	0.14093614855887976	0.03228626877336607	-0.31260921997674085	-0.10031543757318695	0.14041641433861868	-0.2890294466443932	-0.08880276178341615	0.27217621897293226	0.24922452988963872	0.03163349985437011	-0.25389950627072566	-0.05385468855491138	0.17464092631018893	0.2996781829077884	-0.32046211209186753	-0.12704556145844273	-0.29394593468909314	-0.13872738636266485	0.014363483955031786	0.2850167117299218	-0.04461514456544674	-0.029063451138422763
HALLMARK_SPERMATOGENESIS	-0.01240822215996662	-0.04568260458129367	-0.3180462700760026	-0.34753135757246845	0.07130388748890609	0.19230051810886012	-0.38292569108335683	-0.010384416653009432	0.4684371117770538	-0.46656786172732095	-0.21897217416445092	0.0648055531636391	0.037467118087992135	-0.3755034948388108	0.1373036801148641	-0.12315897199522305	0.27387435712358105	0.2997522237911887	-0.06079752239525561	-0.13628483069299646	0.3371333550519201	-0.06329902974245283	0.32770915436369796
HALLMARK_TGF_BETA_SIGNALING	0.04961709751580903	-0.13931419709792378	0.25527551504792334	-0.06340122178473323	0.341215351479395	-0.2508421283619042	-0.019963541096646942	0.10612449002581932	-0.12265755795520925	-0.2437069545909849	0.3732752156631506	-0.3874789200453188	-0.16147083800230444	0.34625825166952195	-0.011784011096991065	0.16500556927920818	-0.011295430790030009	-0.08808817443918299	0.18294229012860416	-0.285544067517087	-0.1069082321486885	0.07565481486311822	-0.10073436995602361
HALLMARK_TNFA_SIGNALING_VIA_NFKB	0.48084800487338114	0.14357805707424506	0.6047531636909955	-0.21959779020310513	-0.3390159864145924	-0.17327797628042327	-0.05206229022353684	0.36529483547960984	-0.36524820395882757	0.4070083275136817	-0.23857304856708406	0.062030429113118624	0.025450461173736283	0.5866883454934586	0.43697389499419986	-0.16844317788404362	-0.4263057377636151	-0.45446142813458734	0.23770552422029864	-0.1520389092946115	-0.39209405704272104	-0.47726813146109176	-0.3005274457100101
HALLMARK_UNFOLDED_PROTEIN_RESPONSE	-0.1455803145016231	-0.271166524537271	-0.04144328216269852	0.053710230245568175	-0.04157207590524231	0.2589114374523762	-0.03473110959407613	0.1317535084666035	0.04877203881089179	0.18075394895964386	-0.21452592898715606	-0.031391453327169236	-0.06509757938321628	-0.08625645704554896	0.0313231339522029	0.17941787292582423	-0.1136711326962433	-0.13974316180904015	-0.22060931931076788	0.008662637916829558	-0.19760123677463554	-0.093049668188222745	-0.22695333871728107
HALLMARK_UV_RESPONSE_DN	0.07824773766613932	0.17882753492086514	0.19932549359992982	-0.17371417078794446	-0.12490756636101438	0.08237917587797065	0.07269409964502233	0.13611378018099773	-0.28028396226665003	0.2610472639380312	0.17407773347530042	-0.13038869382600662	-0.17101295345010178	0.16355880705186232	-0.07755111445848051	0.14920009957640928	-0.19476680811893174	-0.009056405918361071	-0.20306734426471998	-0.18361479046716114	-0.004500661041980408	-0.0654716750088712	0.012741909721944444
HALLMARK_UV_RESPONSE_UP	0.3121770748857465	-0.02386895077044618	0.19127310693405666	-0.07805904043704172	-0.04521049599947105	-0.11111293383444644	-0.09994035469329149	0.07625186292198768	0.008633106298264026	-0.06961243924270957	-0.3439289319057195	0.1459309636450948	-0.2301036406270672	0.2811098155435388	0.20546113183824471	-0.09950730226595944	-0.35784922592426127	-0.14613125479081612	-0.11128048920597355	-0.08438376825180843	0.08419319751888221	-0.08559668142204697	0.14694943935990004
HALLMARK_XENOBIOTIC_METABOLISM	0.08378076305755884	0.0015526961096631597	-0.055656822170868675	-0.01708580106078597	0.1654362088679969	-0.0460100380642198	-0.12065619131311009	-0.016164011137767637	0.18298370366700245	-0.3512060633825006	-0.12876295670072696	-0.016002285122150905	0.10706920301143584	-0.14681829312074174	0.07704544868139698	-0.18897298370501953	-0.14159920494196948	-0.028416395121856397	-0.2530680796645396	0.039690112295323515	-0.011606838429718852	0.20257550790409057	0.1698947308434686
KEGG_ACUTE_MYELOID_LEUKEMIA	-0.036620943424239605	0.12371971323941139	0.2903876618368858	0.2086337134019042	-0.2532168919177648	-0.10625249197037276	0.1633168293161047	0.09534213612014149	0.2629828493860872	-0.08581818690803594	0.22048743016598044	-0.09833346706871818	0.1912518573507175	0.23840075171434205	0.1732296705643785	0.07809042479397893	-0.17543422715755752	-0.3516901412427882	-0.255513665238446	-0.006308992545005027	0.054183342070895424	0.040811546725654735	-0.16940119901409145
KEGG_ADHERENS_JUNCTION	0.19939586419123387	-0.07341233402927527	-0.03770221460494899	0.04222879096347418	-0.04304171074019168	-0.017638447444684763	-0.1692933671436285	-0.02622134191046374	0.07586381452532259	-0.06031357100609275	0.4495966186753822	-0.06449553001277036	-0.24879904972905234	0.040311307551745446	-0.10674259281911518	0.12317193885584507	0.24530200900063648	0.2568444195375667	-0.1359336421893681	-0.4889739275878513	-0.20896460448643928	0.18577610973465264	-0.1637717074885885
KEGG_ADIPOCYTOKINE_SIGNALING_PATHWAY	0.364654546458482	-0.11326917445385355	0.35466854881274856	-0.09189108884016886	-0.09843508444133178	-0.028981112762332062	0.11300826182088528	0.29823577803998813	-0.06505882468174798	0.3468358043884995	-0.009630771474094135	0.1461328152750631	-0.1004506234582155	0.36689114463590006	0.2848403345016077	-0.08637890346887409	0.08078523268329241	-0.16049798000345705	-0.047271538718748785	-0.07564792391447325	-0.11232121474295502	-0.26267656835892744	-0.12001052410521168
KEGG_ALLOGRAFT_REJECTION	0.08963064736481297	-0.5463688008277384	0.06834736406386999	-0.4071809334036226	-0.36577894414890527	0.5240416168723621	-0.09389820089368076	0.09492161688517006	0.15330452792146604	0.6417736535239945	0.3266008093120513	0.4684269224030848	-0.1385886840432213	-0.2854179334402608	0.3507318761526552	0.1887926565216047	0.4024312716108691	-0.20110976534085742	0.2533892644097208	0.3905678771630513	-0.6564826385939698	-0.19673110693066387	-0.6607826911535348
KEGG_ALZHEIMERS_DISEASE	-0.277727807317766	-0.06205570075639727	-0.2446989177220782	0.20276010117921694	0.31715851628527714	-0.2888969849948654	0.033273491791903725	-0.21386090441541916	-0.05444131760182791	0.022127032245219724	-0.21533310428062577	-0.16286443772726167	0.15040638456521932	-0.22500593219116338	-0.03212160112032006	0.2403308489166312	-0.06677008482859778	-0.10213468656883676	0.046763450359538786	-0.05818633332546139	0.23721314569964025	0.13255111722649554	0.24481435126656365
KEGG_ANTIGEN_PROCESSING_AND_PRESENTATION	-0.058299013230788954	-0.4032548698806095	0.07586818648698199	-0.15586535134030552	-0.30060367739792765	0.405511137766023	0.07184844502971652	0.1506656333595804	-0.1955249017215598	0.4751760465116348	0.24691276920431213	0.03548772080079321	-0.18544631454936614	-0.032640947353899274	0.16359598716095985	0.2797134865727779	0.13972656535958083	-0.254470100463203	0.31465970550809613	-0.07911811708944277	-0.5028627829831606	-0.1916960141621781	-0.47299300115869486
KEGG_APOPTOSIS	0.17606523442847247	0.09750887806379616	0.3666274819265118	0.07875828631612805	-0.2966686223070854	-0.06435328719857475	0.18429037893457775	0.011726906149464311	-0.2769406201090209	0.4064042033838331	-0.002968548286702122	0.02526403477180586	0.046118830980476866	0.21084218392274473	0.25160993120328096	0.0928208228328871	-0.16660819833963805	-0.31927903768780086	0.18743050251802823	0.06583678148250852	-0.27609602447023995	-0.1947677232988178	-0.5544736948290149
KEGG_ARRHYTHMOGENIC_RIGHT_VENTRICULAR_CARDIOMYOPATHY_ARVC	-0.09831720051993403	-0.33846696767952245	-0.29870732740364725	0.33639030211878806	0.03528476524758792	0.05354104514519217	-0.28780994051738656	-0.0037724740285950964	-0.1642347332748071	0.061521948780558916	0.4353856839063502	-0.07027082037634005	0.09430550682383534	-0.322619084513597	-0.2158635100802312	0.31962375375311275	0.17046714659062406	0.21087941891927656	0.19835322852731715	-0.045606790010965764	-0.5525355658383492	0.12338185263857585	-0.14595685291877786
KEGG_AUTOIMMUNE_THYROID_DISEASE	0.08963064736481297	-0.5463688008277384	0.06834736406386999	-0.4071809334036226	-0.36577894414890527	0.5240416168723621	-0.09389820089368076	0.09492161688517006	0.15330452792146604	0.6417736535239945	0.3266008093120513	0.4684269224030848	-0.1385886840432213	-0.2854179334402608	0.3507318761526552	0.1887926565216047	0.4024312716108691	-0.20110976534085742	0.2533892644097208	0.3905678771630513	-0.6564826385939698	-0.19673110693066387	-0.6607826911535348
KEGG_AXON_GUIDANCE	-0.26021765036536076	-0.010107235809580645	0.11958866149142926	0.21860735017480937	-0.1291715884104009	-0.10749874450165295	-0.006365376078904139	0.12833913084207554	-0.17212845704060142	0.15904726151740184	0.2539727734993361	-0.28534129717365425	0.10500543601096457	0.05586792913720945	0.08529519590133874	0.10080756086875814	-0.048256818509678195	0.008763685235213231	0.06280772568612925	-0.20154462193822542	-0.12303165544908001	0.11061030930255092	0.04678970967962842
KEGG_B_CELL_RECEPTOR_SIGNALING_PATHWAY	0.116048303369661	0.04821152663632644	0.3771049394537304	0.028088950848115884	-0.3896014058221411	-0.1752228609549334	0.2843051388981701	0.18206102394575685	-0.06285412202830751	0.26191530480077635	0.22682055936225343	-0.18487734920604565	0.2879984449153236	0.43520105374158125	0.10645903284833877	-0.029023053227761206	-0.1524581085783215	-0.17445333649753536	-0.03286257389205352	0.16904065121924938	-0.05406831256780553	-0.06364868749012179	-0.4055307072319632
KEGG_BLADDER_CANCER	0.1568869498537057	0.4311837040931459	0.29204467542492885	0.10270829952059968	-0.3094174933713755	0.14186396019033387	0.053242094437839504	0.20350496855176692	-0.3173698422920016	0.20577807222613026	-0.13598892153827247	0.16549189098903475	-0.12728032115987414	0.4108493663774434	0.3294198222292035	-0.13634602376494703	-0.38064927143456	-0.48777427218240993	0.026357573832967773	-0.2704636528625427	-0.06498446905441574	0.011272334788872684	-0.06267595703427573
KEGG_CALCIUM_SIGNALING_PATHWAY	-0.015002433877699867	-0.26826315828874675	-0.09550331252246547	-7.135259726455678e-4	-0.09873317771887252	-0.16656981667909954	-0.13739672117809637	0.061981875776957324	-0.0992396108047737	-0.1599446447044386	0.1451984310452344	-0.2995354413692316	-0.12277454921220216	-0.29809015068184125	0.09220468400115933	0.15198793892237905	0.0043122560904395035	0.3069848821733597	0.19966091104732103	-0.34651503453469074	0.1477015830828437	0.04942031339060721	0.2472587262802816
KEGG_CARDIAC_MUSCLE_CONTRACTION	-0.14625657684141818	-0.20377555671672798	-0.45025831719298853	0.37732960617515615	0.49010931237296695	-0.22499592431109017	0.30974530568923325	-0.31477245366672835	-0.21713664128524715	0.4655430406757615	-0.1013902856023301	0.06425913971768732	0.33520812587558857	-0.41576622258644164	-0.2496127171330481	0.42315510398577055	-0.19837516354195472	-0.3866834250326859	0.15794124808433319	-0.0879051575409964	0.05847575976263583	-0.0041657698293093015	0.14516914371495748
KEGG_CELL_ADHESION_MOLECULES_CAMS	0.17127986259959435	-0.316040086225729	0.1576077039451862	-0.26308230614356665	-0.43653561433358573	0.3406301723385396	0.13900268851960423	0.3020512197671097	-0.06306877413112826	0.48667007051061123	0.4235723874720548	0.3083552081222312	-0.2197273937121976	-0.23708946433461917	0.2988018774086231	0.18927486832493212	0.2865493375934426	-0.0452990927268922	0.2552662209776837	0.22146639297756265	-0.6031977487738082	-0.23628990701221672	-0.4792720149854774
KEGG_CELL_CYCLE	-0.2280324845845253	-0.15673145760064128	-0.12007536949298048	0.023837456678840435	-0.1200635731380203	-0.1080006819655216	-0.18653016411798873	-0.3604114096182751	-8.034399633466971e-4	-0.05938244472108972	0.22861690908553112	0.022480007701801058	0.4045145213916045	0.11451103156654505	-0.1690338370218401	0.20047791452011632	0.0987325246483674	0.2205795885824753	0.13959369327557786	-0.08828158089523241	-0.09576153772756255	-0.015758905722969063	-0.38999398585941336
KEGG_CHEMOKINE_SIGNALING_PATHWAY	0.18666814990195796	0.2299270327613277	0.42191687530549116	-0.07360060890238043	-0.27918494062555016	-0.1755023628968216	0.24815665955983546	0.33198571664752896	-0.21627842623607438	0.2934569494228245	0.09153371526987558	0.013068274083383097	0.012571942032889388	0.37109297824771603	0.1097352029967765	0.0042918456378184255	-0.18771984708614586	-0.27312383277122226	-0.05042555154243564	-0.02859853320762973	-0.29022405773471804	-0.1702757814954002	-0.28027690286183554
KEGG_CHRONIC_MYELOID_LEUKEMIA	-0.01795483971092819	0.1073735469873218	0.18648079951377117	0.1076612547271833	-0.20648735646159538	-0.005219539768795106	0.016088675035101446	0.13010528330174218	0.0466826568847951	0.07183423763323782	0.21846846639463197	-0.021721976171173524	0.18298733115647575	0.22088058011845174	0.24004505067598852	0.13876791347697479	-0.1419126722460974	-0.42625195602002275	0.005059356732768222	-0.060503940847996984	-0.13013901133661612	-0.18447632426022936	-0.2884049845298054
KEGG_COLORECTAL_CANCER	0.014958907798225313	0.20922680050289322	0.34703834011045237	0.08404874549436583	-0.20501157516888474	0.05001569963598315	0.3053994221835525	0.32820870341040354	-0.18514769091588468	0.13519645277871195	0.28765234312196464	0.18601784089914714	-0.089814870997002	0.24813991649098513	-0.15218178639339894	-0.14119139172092351	0.020506726357150784	-0.3089727182972329	-0.14473584025361302	-0.03620457055328563	-0.0059461858297464865	-0.009681261540636144	-0.34252907148308914
KEGG_CYTOKINE_CYTOKINE_RECEPTOR_INTERACTION	0.4624073848731639	0.08334497595997556	0.5752717784506888	0.0677608047454442	-0.3310901079665385	0.153663721102956	0.18080187415408405	0.342256796486188	-0.3080469361612004	0.41764891222595146	0.1846756129010567	0.16498541768938757	-0.09709390992238703	0.3845960696750865	0.21498064205679485	0.2301174832513573	-0.15735398964030628	-0.4488465210601332	0.23714476978192126	-0.260609959954159	-0.48693118129974333	-0.492911383645883	-0.3869964746353441
KEGG_DILATED_CARDIOMYOPATHY	0.0930921532914872	-0.517111498208946	-0.14184888732110268	0.3237468593295877	-0.06392573619374134	0.09501356135426213	0.13799313596957427	0.09951278911492756	-0.36657877338106054	0.18419197066168852	0.6374993795458794	0.0312924311189727	-0.003997215118399816	-0.1359933126065066	-0.1228487155910124	0.16350563404700422	0.18645717160750966	0.0761441679633437	0.4407156502783881	-0.2282767152402732	-0.6508798039489669	-0.020945509864129824	-0.3280166279121779
KEGG_ENDOCYTOSIS	0.11394192486233279	0.04462094493450955	0.12324682306874093	-0.20106782016648295	0.09040162652136624	-0.15524914365265166	0.20370652449536059	0.16642444035190646	-0.11631829692720397	-0.07385363619044866	-0.12146852206384903	-0.017093795148298715	-0.07093341006164289	0.18648928778773188	-0.041993900551720975	-0.03713169049169457	-0.15000115712080814	0.0518839849474326	-0.14106244535076803	-0.0205390987193583	-0.25415076486077726	0.042135072970229975	0.10630632692137942
KEGG_ENDOMETRIAL_CANCER	-0.14038277833482377	0.28504437729951637	0.22370762242240658	0.2127798125769948	-0.094503884247815	-0.08177085103656623	0.13473247369171337	0.2645376028715251	0.09487424387137425	0.06362127792494232	0.13377679836038076	0.04982052749112406	-0.12702638839829075	-0.0013997251989514015	-0.1047080071529145	0.2325472889152454	-0.14032188346917102	-0.264730451647196	-0.040983778562649786	-0.10148726763277721	0.06578495794657113	0.13641340297187277	-0.2051829749282991
KEGG_EPITHELIAL_CELL_SIGNALING_IN_HELICOBACTER_PYLORI_INFECTION	0.3584570233608393	0.3940205823188349	0.35859650220744904	0.008184785579617576	-0.23105078052058098	0.17988064751405664	0.17590504423820844	0.3381139484916423	-0.22904087074164947	-0.029731013698850617	-0.28098248069231524	-0.1491937397235735	0.1601298176301162	0.33998822420106584	-0.09871670767395879	-0.34988962784371647	-0.2717686248170557	-0.1881293615385529	-0.06654741321248242	-0.1131585927358474	-0.03883525379038846	-0.2422035175740637	-0.18518269442346907
KEGG_ERBB_SIGNALING_PATHWAY	0.005867152487316674	0.2872135765570596	0.10683041642654904	0.19653883917784623	-0.33535189568191115	0.030667421823419666	0.06877162049675994	0.06914429375759068	-0.1234046228493362	-0.0814214851917916	0.132814329091485	0.12459971083065091	0.06625942605139859	0.10434300228571741	0.24690550899187402	-0.07196175015103917	-0.15247165190429704	-0.24298325761059825	-0.2231186427146094	-0.1371683525643004	0.17187544061319723	0.09423023063273003	-0.16015045101744327
KEGG_FC_EPSILON_RI_SIGNALING_PATHWAY	0.15989280075622117	0.1879720636722757	0.17574410440510577	-0.028696834498821683	-0.09535203670822512	-0.3427625891455417	0.16788117842675965	0.05967385433378605	0.1609220337363209	0.08679967007503975	-0.04761378269750141	-0.06837364117161088	0.09272062818638435	0.25651074252977885	0.2845364150836144	0.09835510624874487	-0.22882330091175504	-0.24507023604626244	0.05747218059913567	0.05091025418394293	0.06982301925445261	0.004564353690121092	0.05140594082738209
KEGG_FC_GAMMA_R_MEDIATED_PHAGOCYTOSIS	0.02567219656101649	-0.20833392925316835	0.15723581743117526	-0.06997426015906097	-0.17032737954939128	-0.15756384003300122	0.11655069165323544	0.09653124602458842	0.07070630814783584	0.22399520877282947	0.128346136344458	0.03017529116943668	0.011224913829386757	0.324231100849601	0.09486778931282212	-0.028416824947689046	-0.1740523611969685	-0.12213044471964368	0.095461637448863	0.09167999999024148	-0.19093032866366158	-0.0287702162863836	-0.10360104872815312
KEGG_FOCAL_ADHESION	-0.09663584525431758	-0.0014545919058379098	0.1305562146962032	0.08625186230652275	-0.012401814431552374	-0.09754200622544151	0.26710768303379817	0.04472579590202218	-0.08344124901805025	0.13504055130231435	0.32430550432858407	0.14455385856975478	0.0785169108171708	0.20578729229248569	-0.06668674750240845	1.9837971720537695e-4	0.019499235221155792	-0.020002676299995553	-0.034727605596066524	-0.03865910968464176	-0.2378424783615971	0.009233315329370662	-0.2870915829441737
KEGG_GAP_JUNCTION	-0.15414358112838986	-0.07740428335250651	-0.14160522367161893	0.28069389663725075	6.786958206927984e-5	-0.25055261969870163	0.053489588054821985	0.016146036723244578	-0.018007891042594232	-0.058403397926985734	0.17207991972176703	-0.24316158664342524	0.3533565343924612	-0.15604596411156638	-0.17576373246958435	0.07900141518999701	-0.11009140759432529	-0.009306710944889052	-0.06458109537360698	-0.09542446436482244	-0.08754934637526124	0.2627538360072626	-0.057986411173212765
KEGG_GLIOMA	2.4262652773096582e-4	0.23060901056394426	-0.04034944383932568	0.2041425896976677	-0.17641387076896256	0.02042732478636161	0.16964469940176352	-0.16624639674498132	0.027682343505256057	-0.07650703400512704	-0.03746082400440642	0.16851328456268322	0.06294486026852955	-0.08043912080555321	-0.008744449017590888	-0.08956553519231462	-0.031496786797282156	-0.15592222950695278	-0.06441721312685933	-0.09936866251409399	0.029336398721136747	-0.002172495385179163	-0.050205335671859114
KEGG_GLYCEROPHOSPHOLIPID_METABOLISM	0.046174431666262034	0.011219512400705095	-0.03344555841215152	-0.18128529111588454	0.17066618597416544	-0.1058389678362581	-0.29414851206763476	-0.025576815194468083	0.19400138232591752	-0.4435526748353562	-0.21698633960274744	0.08771556237284113	-0.16667641365312688	-0.09770911715265759	-0.051796648716984806	0.2496346860493931	0.05352176679124057	0.13169690124538208	0.21670562968451784	0.1329223929492381	0.07889952190691582	0.08408231093640986	0.15180472479912516
KEGG_GLYCOLYSIS_GLUCONEOGENESIS	0.33239240624260635	0.15019978942186046	-0.11258564731338	-0.23715130659697223	0.17083784473038155	-0.3848094408511178	0.6743665150027512	0.4394060774260228	-0.22391222846151387	-0.17337905543672805	-0.17094598698763525	0.43663778456403546	0.018463124121493812	-0.31250706759973734	-0.516337456137877	-0.4906244431997246	0.1863767733492736	0.21778293599579474	-0.4101639028336706	-0.28042789443114446	0.2167527662469299	-0.016264368216990288	0.07152124489319135
KEGG_GNRH_SIGNALING_PATHWAY	0.14295091936713683	0.16292522739841986	-0.04126341623779908	0.2506457424785573	-0.0674669613498789	-0.3038460626637217	0.170060464387076	-0.03512711826694337	0.059028983745866376	-0.24272964581884382	-0.29033294683081834	-0.21518299508566782	0.05273776759078405	-0.13870987595274997	-0.04440689482979862	0.07598705334076128	-0.15216115229948585	0.06661447948778845	0.03834156246573607	-0.24146893621898421	0.11260128554615523	0.16110548237995878	0.2841902860206613
KEGG_GRAFT_VERSUS_HOST_DISEASE	0.0774960759472628	-0.549643365478811	0.1407556080283249	-0.3992540787659097	-0.3718672583992091	0.5023980343219604	-0.15519494421490432	0.13878992165454068	0.13032672903571452	0.657810485721374	0.2055103387224141	0.3900033744695949	-0.13858868404322094	-0.19586398733325167	0.38540952129156736	0.31734322541866766	0.3348722587169072	-0.1927514760755094	0.3357902597287019	0.3552617499512162	-0.6801796312184558	-0.259321364216003	-0.6446313453262607
KEGG_HEMATOPOIETIC_CELL_LINEAGE	0.27120129379874536	-0.27339599582709095	0.07577253188867342	-0.2950752185587958	-0.26207488449585137	0.24794452245555287	-0.02654561550235421	0.0921383282000873	-0.3805075174069622	0.5786762216974906	0.3097301929394826	0.1847367001921134	-0.17459739406438796	-0.25979235498907277	0.43557616431643825	0.3050543539240881	0.18693882303323764	-0.1426381559334986	0.40189263099584716	-0.35868813658147164	-0.5124636575769471	-0.13498266032743572	-0.4543424160966238
KEGG_HUNTINGTONS_DISEASE	-0.21317425669826065	0.054509448255224094	-0.3262562475581656	0.038611953251272424	0.29161640893716184	-0.20854399045126704	0.36262429495102955	-0.1159480942691103	-0.10558982538705906	-0.0629365395335143	-0.22461032788035323	0.19437257049739792	-0.015090702307679976	-0.24802726750291193	-0.19419863614005994	0.19992417630117493	-0.1649692902692134	-0.21023053008759884	0.03668699771788164	0.08574454371719734	0.13097799180190958	0.2002244191534962	0.1301715775307567
KEGG_HYPERTROPHIC_CARDIOMYOPATHY_HCM	-0.031988858057190095	-0.45174403016702586	-0.023781537299028155	0.4432535988849938	-0.032777968406470376	0.026553907537503335	0.2393699076588633	0.15261904761903744	-0.3466192391317	0.17736230143566323	0.6693757801621883	0.007807568971629458	-1.0358357672746177e-4	-0.12941818795478383	-0.11834054834055555	0.05247294726665144	0.1484015472269996	0.010085645769089546	0.5409564592120341	-0.1816530638683893	-0.6210597767000191	-0.27211231089598703	-0.3933568412883948
KEGG_INOSITOL_PHOSPHATE_METABOLISM	-0.43895422188493644	0.17280546463346547	0.21376856345440337	-0.04583887872075418	-0.023975001821315622	-0.24598516123443037	0.2162540454179432	0.08963825890395719	-0.27759440229152665	-0.29120505770407445	-0.17115821827334166	0.27168353627110914	0.1905482451067328	-0.031031220411151	-0.11881081492814399	-0.17474491830486238	-0.05423252613291271	-0.11605388182406481	0.2638180275880386	0.2175659781774666	0.3510153200765379	-0.16928730344394466	0.1302578866509264
KEGG_INSULIN_SIGNALING_PATHWAY	-0.18887704409542563	0.1416814929357521	-0.11513359814109575	-0.03233711080965293	-0.12187092491999621	-0.026892461116525962	0.23731624811575877	-0.04229892358378046	0.08110093419095712	-0.07644891575924648	0.12843103310408235	0.1382950431750689	-0.06954957007253368	-0.08765645378420625	0.1445494427970797	0.012070465856398066	0.015353167814037949	-0.14474328310054518	0.022759832936082164	-0.20825658710700573	0.20909343288951154	0.025933245904065205	-0.16767608702181314
KEGG_INTESTINAL_IMMUNE_NETWORK_FOR_IGA_PRODUCTION	-0.041477657703122034	-0.4733853943402556	-0.3311510787985606	-0.12743642864504603	-0.2091544818817437	0.6961660465720956	-0.07502259692112273	-0.29679244573044633	0.20622256128595373	0.6256929410127554	0.49292786390133303	0.4299379942212747	0.028005571404391805	-0.6018243462710493	0.2507525348426749	0.3121884028757645	0.448087619772619	0.045586316160829116	0.26687081949132313	0.2579784124422123	-0.6045315065760635	-0.13781144251491295	-0.6381194366053646
KEGG_JAK_STAT_SIGNALING_PATHWAY	0.3902819168777035	0.10294593006801037	0.45507956794747584	-0.00944990261825819	-0.32049417472218167	-0.0794576081914263	0.03264222161411498	0.2859352432181149	-0.2860752957303486	0.4833275391102346	0.28418054038914586	-0.14308976135004214	0.07285180403021199	0.4418708422116559	0.2578423144687771	0.039670147324517846	-0.05431982096886567	-0.31247855639523847	0.1450939395279792	-0.2749334812761929	-0.2481486923401588	-0.3566228510299881	-0.4159518509944388
KEGG_LEISHMANIA_INFECTION	0.16382031203813396	-0.219590052128316	0.21595240970993343	-0.08098781560182637	-0.41421868729694095	0.2800650184739126	0.09190529958865347	0.2614105230286171	-0.12145357599157591	0.44548940494811834	0.1820941092812765	0.011232195299949427	-0.2066382646875945	0.07424332217780286	0.22675041809520896	0.16262699770677158	-0.05915341038180591	-0.21704557779429384	0.36870134214772454	0.261692932904721	-0.39672647730278165	-0.2801543007673368	-0.4180436303136081
KEGG_LEUKOCYTE_TRANSENDOTHELIAL_MIGRATION	0.03490630789413046	-0.028508603034737512	0.21371171527272453	0.12249322960363714	-0.17205159545124335	0.01316575576425677	0.1020796463303197	0.07532516129768727	-0.15555896204489772	0.32155852990841066	0.31353513840049324	-0.06478572935861106	0.053489994083510406	0.30141553294166595	-0.12969171398418308	-0.20612561213624886	0.044707853680906656	0.0691218149291152	-0.0058611445728237455	-0.12512705957951314	-0.375826363851846	-0.162501576990769	-0.2535488239473975
KEGG_LONG_TERM_DEPRESSION	-0.16017447202327828	0.026946703330045757	-0.10709905775674006	0.198205395469144	0.09072363989633117	-0.32587012603413096	0.11493840661001276	0.08233192541625516	0.24446473603480803	-0.11647613020802441	-0.23552333479957877	-0.014058656143474596	0.19996586164608354	-0.013771341965424885	-0.17620351977869841	0.06359109564518955	-0.34458705318418126	-0.22359413483454965	-0.36757442067073975	0.07919634838924303	0.1966590111162436	0.15802591933915003	0.13804280741518965
KEGG_LONG_TERM_POTENTIATION	-0.21560104865864266	0.1342738870129912	-0.056789926681532266	0.16626390649814726	0.04880307056338981	-0.17978017455961004	0.13621784513774315	-0.08024613134020071	0.1625598949578545	-0.25685120902669384	0.07522791930521289	0.03659119302547584	0.04545910244092527	-0.1783140545038815	-0.3109295561187421	0.05194361929436499	-0.2475279125891625	-0.1033999859191938	0.26305993910329317	0.0023442689655520654	0.28821371700133125	0.37646420851106016	-0.2786159257834219
KEGG_LYSOSOME	0.2696860812066955	0.3546420107089575	0.18261497957968614	-0.09551232267934633	-0.1034403460257392	-0.236930852497601	0.44827203719789016	0.4022433976937897	-0.31574467178540494	-0.22818417037409527	-0.18349441982861792	0.16111597557494384	0.16369821616096886	0.11573768210149413	-0.1553329472042742	-0.18724843832493263	-0.17267139523617273	-0.33724978010201717	0.072018726317043	-0.12112463820739328	-0.14295001200208196	-0.1151313068675434	0.03624122520543788
KEGG_MAPK_SIGNALING_PATHWAY	-0.0061579798494663385	0.02089655143290764	0.026391527028000544	0.23021426956613056	-0.06125221402775036	-0.04395057420170437	-0.10683643674616641	-0.0917908343050275	0.09141244254393693	0.08816113329826678	-0.05793586665052389	0.04106663642200761	-0.1562149706071574	0.22389993271632036	0.034971542848685006	-0.061075510276355674	-0.12301131313646005	-0.09522753583315169	0.14418976467755934	-0.15856242061109002	0.08730735918306182	0.03363494013896068	-0.06488809525888649
KEGG_MELANOGENESIS	-0.2455536566915945	-0.0746046330036157	-0.1699848197767173	0.18128428276327646	-0.026701880405470863	-0.2531865263592674	0.1666360652727803	-0.10769095919357607	-0.23757314431590199	-0.09332604417372903	0.2966774387228722	-0.30611456688335414	0.171022527878269	-0.11269253095334919	0.1712239643614188	-0.010300617736715117	0.003998465385563976	0.2843713455825519	0.10005688091813238	-0.4450483417590601	0.07239610246915787	0.3569603086996849	-0.1303306981138791
KEGG_MELANOMA	-0.0816435071622448	0.3454028427073964	0.30654787841454806	0.23378538147688455	-0.15000630566615367	-0.0754894646866586	0.1932544084194843	0.0763953895553266	-0.1486777721890937	0.1713665478392723	0.09116476746551369	0.25309836989526674	-0.023515138308943556	0.10072676762384151	-0.008701045015448938	0.06470056818703607	-0.22948926533422512	-0.34437539583432614	-0.060922683257236016	0.003946544222988846	-0.17794447028092675	0.031528989351767345	-0.2758084665301853
KEGG_MTOR_SIGNALING_PATHWAY	-0.02582061854077261	0.11789108917915594	-0.06709497634432487	-0.08613909472674385	-0.05536658625460725	0.16568039414201413	0.3919915335365375	0.015840827369251215	0.008675012426778678	-0.24502068567901936	0.21809551076367828	0.24016765845698035	-0.30703346176609414	-0.09300740476356478	0.23218992058729948	-0.11308308584200533	0.05288812253292663	-0.059380897349842116	-0.10684322224403081	-0.1871708984519648	-0.020352195096000447	0.15062189273431098	-0.15699519002107606
KEGG_NATURAL_KILLER_CELL_MEDIATED_CYTOTOXICITY	0.23423415984080173	0.31684058490418854	0.41679406174457717	0.11401892328078467	-0.32320876183937175	-0.11647352923383511	0.26733875994382655	0.49276554305009207	-0.14688253184459837	0.3074990962103802	-0.02666469177499603	-0.31623929320608013	0.038368276745730734	0.5232550042901901	0.2702283599741706	-0.04768205642811624	-0.1452405872380937	-0.3546480102210604	0.03196427273043281	0.12320000915528431	-0.17859918340170386	-0.17008248434506226	-0.38585211720442514
KEGG_NEUROTROPHIN_SIGNALING_PATHWAY	0.12281628888266012	0.04377862624053136	0.14159294454924304	0.06643667026395877	-0.05265226863086586	-0.11246500454082861	0.04580655997052813	0.08691710431213773	0.08340215624906494	-0.08448805542828443	0.02233129426138153	0.19050648226718286	-0.02131561503047885	0.14545608131544796	0.03974208244542482	-0.12487899605299199	-0.10421705648500894	-0.16623445350379945	-0.10939647479144113	-0.17352606951671312	0.054655091821349935	0.09001156343258812	-0.14719594851704973
KEGG_NOD_LIKE_RECEPTOR_SIGNALING_PATHWAY	0.28075837224477823	0.03640225748256176	0.3297426612773488	-0.2643628050509439	-0.27494899411212415	-0.006592801867942061	0.09437127556888833	0.13405519734423454	0.057997298125120805	0.2714496713381114	-0.021563259677574886	-0.08541431966844629	-0.16575922914387536	0.36345985995955615	0.3414600781486467	-0.027186458161321814	-0.4573356355130369	-0.3812519378682088	0.14855016906684285	-0.2085841218691445	-0.23537365633895946	-0.20045415236771172	0.008960660976281787
KEGG_NON_SMALL_CELL_LUNG_CANCER	-0.07549345069785177	0.2692418077111305	0.2858426738950017	0.2558741013946492	-0.1620175384166068	0.08911867005536109	0.10077931821654053	0.08891355020781032	0.09045276979205652	0.03673440517861712	0.02219995155189372	0.23450473224582086	-0.05143053696657229	0.06038494465087821	-0.013553596365801696	0.07506312295423165	-0.1914452936367008	-0.1812234298876282	-0.18301833397255407	-0.09335348891169315	0.03873506793823572	0.08951155051641144	-0.16949596313932164
KEGG_OOCYTE_MEIOSIS	-0.273791495177982	-0.2300910637244597	-0.42647593212312496	-0.17318765187433421	0.2031980161441889	-0.1593583165379005	-0.07142652836604932	-0.28607685531819316	0.24686260961568304	-0.27046187578713293	-0.06885714009332655	0.05062237570516251	0.11940465376283449	-0.32501238025320095	-0.2875874927936697	-0.11884983650239785	-0.04565758667643918	0.31985801078573184	0.3206586276977643	-0.1492886634184561	0.286983965687002	0.4886040374127668	0.0025967310963715406
KEGG_OXIDATIVE_PHOSPHORYLATION	-0.4327601630670578	0.27326827815105875	-0.5264570654544777	0.33833310446152626	0.46573024613606306	0.09218603465700675	0.17915399066250878	-0.38787565462242696	-0.13681299754256	0.057868719644145944	-0.559053541162121	-0.08201357333780857	0.43884190072271734	-0.18727148925005377	-0.27829198898001867	0.2564221969858904	-0.3441297070478418	-0.4270251894094683	0.05299353989833609	-0.022797239176617634	0.338012171069773	0.03242445448567863	0.2561705350273794
KEGG_P53_SIGNALING_PATHWAY	0.0018233783472977882	0.01686317555583	-0.12935965725753762	0.030799952781939643	-0.06539165379668213	0.05116525465539201	0.09767738048983537	-0.05918735216362986	-0.43748183386238676	-0.2184743548615214	-0.3634126759713074	0.07329978627513822	0.047233386606715166	0.011939411590389915	0.215264373924905	0.13818819916649233	-0.15104152679163757	0.002061607597807491	0.12574188224833355	0.21245077936695486	-0.1324612892444168	-0.16790868130356568	-0.14108567620301285
KEGG_PANCREATIC_CANCER	0.12331836168304203	0.22900343651344626	0.36176513673864386	0.11234592686147389	-0.05997188220361255	-0.045925683927888455	0.14187190714211134	0.22394222313277798	-0.1743764189209055	0.07860652140186103	0.10155088359482664	0.19127047574350797	-0.11427818904652054	0.3044931043315358	0.12500540327028173	-0.17679319292345066	-0.25249011577316854	-0.27703164332899965	-0.06886561428625593	0.14008902550715424	-0.18609847196820206	-0.15682755279609512	-0.3482175442594465
KEGG_PARKINSONS_DISEASE	-0.4727550253954201	0.014065880869848446	-0.6053078762609638	0.27453905083164065	0.5301010067759578	0.12085685364077922	-0.014216610100185378	-0.5197097706582512	0.08422675641707547	0.015219554355176801	-0.5612183182286901	-0.03524685950683806	0.3713984204377538	-0.4033043668919699	-0.07995947325001562	0.394747955079682	-0.29927970230987944	-0.37133814889514993	0.04224138280591161	-0.03362197120707802	0.44249578853733046	0.18647851851854919	0.393209124478045
KEGG_PATHOGENIC_ESCHERICHIA_COLI_INFECTION	0.13796390476473938	-0.42363327371167986	-0.2769364427921073	0.1422636283685489	0.08332739446861509	-0.041589140122111984	-0.22335405018336527	-0.34194291849301267	0.10119072526408543	0.26408371203530007	0.3920229964946696	0.1124689367141642	0.2189129087563315	-0.04937199186662622	-0.01174380828737262	0.20721440256484888	0.16862404339235018	0.32175686216111554	-0.06647025468427016	-0.37004968328735777	-0.175590780962897	-0.06169097153346517	-0.3433880067725716
KEGG_PATHWAYS_IN_CANCER	0.04192818728642185	0.0353365060275771	0.2551443056599317	-0.05465043147851148	-0.15998334161499508	0.04418744364834984	-0.022259036917898628	0.13936994476424686	-0.017266550392283753	0.29292683757064514	0.28427883720536484	0.011089551506941991	-0.12234081714748773	0.24484538708036618	0.11634989218692705	0.09417819623311299	-0.027283125580798206	-0.2195465391089765	-0.04361748629031546	-0.23857372337525395	-0.18240973110548392	-0.17038107716874112	-0.15689206656527585
KEGG_PHOSPHATIDYLINOSITOL_SIGNALING_SYSTEM	-0.25856607511120183	0.049946730100707853	0.09846170392176842	-0.10071438702353161	0.05086254494944509	-0.21265835241537112	0.2972360579557965	-0.001119146178330227	-0.2431214103760082	-0.20322114248151799	0.028767440244752918	0.15784126355906933	0.12173925818683037	-0.22774595480830767	-0.054645806116899676	0.051581679983826983	0.16259399570124022	0.008383892691071843	0.2383358598882882	0.03725672457223314	0.1844390314248723	-0.03723661125466596	-0.04620654306707009
KEGG_PROGESTERONE_MEDIATED_OOCYTE_MATURATION	-0.12516589958285002	0.13302158330922256	0.1881308956219205	0.022303586823985533	-0.013684795607243755	-0.1867565283281135	0.1527045519351357	0.12199763381158883	-0.03434372186040455	0.1319865186035419	0.035860403044180145	0.16642442428567283	0.008665214074747601	0.026872825499140024	-0.09245224201650047	-0.18688891342472475	-0.28738203702644854	-0.09116573927702716	0.1259817038099037	-0.07125726559646775	-0.004259534411101107	0.16748508784099322	-0.15987674549861294
KEGG_PROSTATE_CANCER	-0.0869289167037311	0.0593917261373835	0.09964310356710956	-0.03178178273177154	-0.22913547331095283	0.21492253114315862	0.23752184335782536	-0.014947477268796305	0.12423383198119209	0.2071330271785089	0.19553745924329227	0.29880794739406386	-0.12781956899033653	0.17174333779260753	0.05115358109943309	0.26752142188515904	-0.12172391565297613	-0.3309270018849439	-0.14065737187649968	-0.19072591101382821	-0.1947990227953858	-0.13899007713607353	-0.361257437650745
KEGG_PROTEASOME	-0.317483138966525	-0.2752723265501931	-0.3245587390502252	0.16482824470275784	-0.3099414809051901	-0.1830563562847009	-0.10679555558061543	-0.11657392686802984	0.4345801041639998	-0.143288241926005	-0.40938657696133873	-0.09690097017044377	-0.08203845556786077	-0.38481160009649884	-0.3136194726408259	0.25175930613415226	0.2922754031371185	0.27988358883115827	0.3027183788892024	0.15747126219859428	0.4807374898878134	0.47033871257883925	0.315103132195439
KEGG_PURINE_METABOLISM	0.07556100551808763	-0.09293903978719409	0.3562257739570274	-0.2931582774279595	-0.21884654433797557	-0.154256075393934	0.5084130521946175	0.14716289513695868	-0.3848975596112598	0.1671551605676678	0.26331990146245626	0.36119502939204556	0.19230725623581635	0.25106281826810384	0.05276781247765994	-0.1370930674613474	0.12973598716614185	-0.3797897340754601	-0.06706867671692338	0.27572436135911116	-0.3908898450657285	-0.1298650479600274	-0.34631569931377154
KEGG_REGULATION_OF_ACTIN_CYTOSKELETON	-0.15117290055872398	-0.008891822769160035	0.028470832970340004	0.16022621606379017	-0.1517786262826386	-0.1497078223351567	0.09980360982832594	0.0708820348953278	0.024738575746458186	0.2441313090811501	0.34634218851976994	0.16475815290848533	-0.034731027680984516	0.17175027912645485	-0.07794337331491738	0.009473499470276314	0.028084360356037757	0.04731503370351228	-0.01581905884849523	-0.07691908767992234	-0.21558815360683894	-0.01690012218631308	-0.24139017062148693
KEGG_RENAL_CELL_CARCINOMA	-0.12309295675197574	0.17216282572627442	0.27878824511312045	0.3860912672976434	-0.15937945855030516	0.03752273573602305	0.2651403147953927	0.08912442416789859	-0.1693285017421564	0.04034970684039392	0.2556971428571656	0.15173088492904546	-0.03147613195525814	0.240971361476112	-0.07470819137749346	-0.1869557627977636	-0.004565458754709678	-0.1670690994980749	-0.20948275495555324	0.020282791252733245	0.016169322107804834	-0.12235928631401466	-0.18897444842252967
KEGG_RIBOSOME	-0.3830324205483929	-0.5852819829308799	-0.5649115615919422	0.30235111876674864	0.023887035745836713	-0.03673077090069213	-0.08952325490323768	-0.6216110997137715	0.24132560313092058	0.38463701913372755	0.1776472405508463	0.2233500444409443	-0.09346255032253567	-0.611284076037255	0.029856631472915673	0.3657338331552412	0.44458124460236237	0.5579014877362126	-0.2032290627192696	-0.1667718727840872	0.062162093950415886	0.4980062214282487	0.027877460312432628
KEGG_RIG_I_LIKE_RECEPTOR_SIGNALING_PATHWAY	0.5413958730838324	0.39502428766493913	0.629379430412293	-0.2741032006397789	-0.5335731500618319	-0.08198711316443397	0.10551919070897095	0.4174812509951623	-0.1525946412993081	0.21273529560599122	-0.22183903906655988	0.19075681004240283	-0.1003728660689514	0.5188134531046958	0.3283478360979654	-0.03180911935273101	-0.11455415813147457	-0.3499774648458498	0.3347412659391863	0.05783550683009339	-0.015673447507918936	-0.38133644531617605	-0.3734310138246162
KEGG_SMALL_CELL_LUNG_CANCER	0.11258284568838042	-0.09957013212128941	0.4317554495302953	-0.2868765200809197	-0.10370653340098698	-0.06108535791574071	0.2107737251488624	0.09272250939263166	-0.14416766089723995	0.5851520511566589	0.2464674064457778	0.21618475113216984	-0.14044630171017952	0.10680002963099378	-0.03405408786726882	0.17648017099218333	0.03177081758724981	-0.28074972215083505	0.03821446118613961	0.27524762602389446	-0.3417436233003165	-0.21877115548759363	-0.3091737457573619
KEGG_SNARE_INTERACTIONS_IN_VESICULAR_TRANSPORT	0.0016950229829144348	0.357230539029167	0.2220009897069778	-0.17237489612273812	-0.31908460402801575	-0.14223225624782077	0.3739253229053714	-0.06446911494405035	0.03448513457980379	-0.3387587487160171	-0.10508831981348643	-0.3996828959127421	0.194425773013653	0.17048525597848868	-0.09395020222986816	-0.28262584889505943	-0.43282344715031007	-0.2874823868068752	0.19827121001635536	0.09235163440176916	0.4891913484688851	-0.04795291102555732	0.41360583349319796
KEGG_SPLICEOSOME	-0.13794204324710324	-0.08709704391636536	0.2517600353338839	-0.06893084979015535	-0.23029193842581983	0.11947046058112952	0.3074180210056811	-0.07366945625613688	-0.3124506095317504	0.1292302508952119	0.40363290720044465	0.13371293375729076	-0.22000207100058727	0.34831861588409985	-0.2035134746952728	0.006933377682125763	0.2005313911598467	0.284640265369543	-0.17340890372383674	-0.0010456178089005286	-0.29673458854097606	-0.23317179421579415	-0.29283314455308374
KEGG_SYSTEMIC_LUPUS_ERYTHEMATOSUS	-0.2821710604560625	-0.642588343143104	-0.28942684152295867	-0.11301511337791514	-0.28479461392935035	0.609562126452585	-0.11243333804873387	-0.2907475102255298	0.3467463915797627	0.618202966959059	0.5086391598546939	0.4415283107598698	0.00418202264738779	-0.45802551462771685	0.2110397883309178	0.17439793483768146	0.4780517687292098	0.18290008283946257	0.08646362740568166	0.397998938976916	-0.5708294841481119	-0.07780926975291699	-0.5763281215227148
KEGG_T_CELL_RECEPTOR_SIGNALING_PATHWAY	0.04780433412555685	0.11627618479190326	0.35182709513031374	0.07297861774669133	-0.3860029033456079	-0.18589774642484813	0.16159737863306553	0.11324555130467479	-0.06313722137202099	0.14037489871088166	0.21375776968957297	-0.12792605218308165	0.012045169014331059	0.2807240868803746	0.2577410236059831	0.10724871928169373	-0.12888218365140047	-0.06798153770222409	-0.03099317636630744	0.03584469733789636	0.02200729864949247	-0.06604207732155229	-0.2090252756010652
KEGG_TGF_BETA_SIGNALING_PATHWAY	-0.3270881888677469	-0.17725036057540433	0.30054966139737044	9.697514570774224e-4	0.16396113781792382	0.007916875189261902	0.1800547806084607	-0.07250455074270236	0.1712942660800151	-0.3031738506335617	0.25812075303251647	0.2578685874340574	0.014261563629718504	0.047411981433141584	0.19073839180642782	-0.2111215733534072	0.09950555331961841	-0.28548490844393426	-0.2583416624677363	-0.144657794499003	-0.2272492147579946	0.2186406013841043	-0.19266336095147152
KEGG_TIGHT_JUNCTION	-0.16811856612688247	-0.1629307474416165	-0.25683571923991666	0.06141356921508895	-0.04452531488906336	-0.09191238144815658	-0.028201569939804966	-0.21852640104794108	0.1143873070562263	0.10456111072176556	0.049452265717568	-0.11660513911953911	0.13756178856995527	-0.018279587548304194	-0.1220920163051213	-0.08482196176402301	0.18035910240478756	0.3487097679280871	-0.3235660524182583	-0.23459912657646023	0.07587799126407202	-0.08536644269175325	0.09072323773625907
KEGG_TOLL_LIKE_RECEPTOR_SIGNALING_PATHWAY	0.4471154727946083	0.2153356351140278	0.4621890085499035	-0.04606483024605065	-0.274972600600727	-0.024788868851740448	0.19815801671372957	0.43802232644702016	-0.19528255152977658	0.3003163999954842	-0.010090727532289845	-0.09540156596978723	0.06244911415839624	0.42655702281229785	0.1724598772111947	-0.18724638961296036	-0.34957043595997966	-0.3739250477856028	-0.0043871505139241596	0.23949225712782102	0.15399405589739668	-0.2634309492062801	-0.28179897713738056
KEGG_TYPE_I_DIABETES_MELLITUS	0.0774960759472628	-0.549643365478811	0.1407556080283249	-0.3992540787659097	-0.3718672583992091	0.5023980343219604	-0.15519494421490432	0.13878992165454068	0.13032672903571452	0.657810485721374	0.2055103387224141	0.3900033744695949	-0.13858868404322094	-0.19586398733325167	0.38540952129156736	0.31734322541866766	0.3348722587169072	-0.1927514760755094	0.3357902597287019	0.3552617499512162	-0.6801796312184558	-0.259321364216003	-0.6446313453262607
KEGG_TYPE_II_DIABETES_MELLITUS	0.179115272959202	0.108616600701246	0.28293523037334883	-0.27004740271484384	-0.0323546371490942	0.027112367058571646	0.32872383811633044	0.29639065108008783	-0.25552172667059025	0.14620977323450204	0.018146427156544465	0.27894389417393306	-0.0435328571017749	0.27155353199718485	0.3215905214182032	-0.5439951432729195	-0.058852990645748116	-0.28709534182973984	-0.23393570071817824	-0.10492739966209585	0.027541625849059337	-0.021956649585412186	-0.07085732489333915
KEGG_UBIQUITIN_MEDIATED_PROTEOLYSIS	0.011944201859239861	0.1543770221168339	0.015895782010176746	-0.15184172780392544	0.17397098282277174	-0.06031674646606269	0.11456769861807944	0.025662594116950738	0.10723409984115953	-0.012768438709180568	-0.25997276476712233	-0.2881334351265383	0.14209491501859514	-0.1283732729966502	-0.10842302912947419	0.020549500454134173	-0.00661193389316328	-0.04167176411763038	-0.07877512412035984	-0.0467230333137548	0.1781514106898683	0.05693449432775061	0.2237880623966973
KEGG_VASCULAR_SMOOTH_MUSCLE_CONTRACTION	-0.24105722279192685	0.01486958554282286	-0.34674478667746605	0.04703045755870697	0.06674010733664518	-0.14830862324496072	0.28341850054352746	-0.23333329336653202	0.0468165126844276	-0.295576493969682	-0.045694040761047244	0.01459765782303793	0.08417422867512458	-0.07622156689714604	-0.005656871914014788	-0.0034674352162260003	0.08772225821273597	-0.07875055631512112	0.14236446759856053	-0.08228309013342289	0.016193018976062068	0.21894767964657336	0.089929048222441
KEGG_VASOPRESSIN_REGULATED_WATER_REABSORPTION	0.0224366623474051	-0.5281244332290478	-0.2454844127196622	-0.42050858846098366	-0.10031820258891055	-0.20918572858433315	0.08156199469717207	-0.08034633646774907	-0.23103972971303888	-0.18658334039094474	0.2984901014955936	0.3153393493872026	0.14542510230846545	-0.23345096861516673	0.4064367047487337	-0.12332516091336754	0.12250975705996808	-0.32416720679049493	-0.04890735467147264	-0.13404478256462724	0.01862079890439297	0.49120180934898444	0.2973572661220802
KEGG_VEGF_SIGNALING_PATHWAY	0.02243157179336755	0.14645950415223719	0.004025781864208988	0.2497221400780843	-0.021809523432201522	-0.23610472608372798	0.17656116280198458	-0.1548407549267415	0.2707350040345019	-0.13445858852797096	-0.14653203197556575	-0.12408630913560145	-0.02248190480502829	0.33543430350478315	0.24311059529065704	-0.04440271760701167	-0.18699012150417083	-0.053890092455862695	-0.19966747847230318	-0.1280701626967587	-0.11912230966131698	0.16439550309913498	0.08654729052641416
KEGG_VIBRIO_CHOLERAE_INFECTION	0.3046342482665614	0.36796584657345577	0.0815189589478039	0.06329393347640197	-0.14621426041808477	0.376046844922457	0.20004205432897126	0.187909827763445	-0.31250537903212244	0.02490789683290348	-0.26157267320574207	-0.3398986746513607	0.29234206328189827	0.3291951967350981	-0.3285708440119864	-0.08279959606578718	-0.15832839726345377	-0.18850514347965136	0.0024176450249704107	-0.35692013999367855	-0.16451510717298085	-0.1376589957324908	-0.01816084080404795
KEGG_VIRAL_MYOCARDITIS	0.2987475389993483	-0.4087362678250562	0.10102059389488663	-0.33877183126828186	-0.4375121122293687	0.36884741702437945	-0.2504197020337974	0.175561972300364	-0.12736757582685695	0.6564316680566661	0.4301113850042692	0.3498076546256304	-0.28332236527798027	-0.07052314208579133	0.20044039773865147	0.24237858441690613	0.4278296089452746	-0.15275797403689778	0.21923811684403602	0.2374872558750324	-0.5542998779697416	-0.10402420518300529	-0.5311083381992517
KEGG_WNT_SIGNALING_PATHWAY	-0.06682015829384887	-0.01889218419266822	-0.08878325344743018	0.2156739867535291	-0.005493853073721147	-0.061586443515653594	-0.03310398189742564	-0.2548355050137612	0.10791623857106605	-0.0204206075261662	-0.00298399567447602	-0.13009882786475976	-0.1337050111477918	-0.08413462115108317	0.061683388260225125	0.0439093112290366	0.059642007449165924	0.21843591689444136	-0.11291639407678955	-0.060027150879936236	0.2351922412657372	0.2883534609320236	-0.14593204391739656
