pathway	MHS333	MHS344	MHS349	MHS357	MHS373	MHS376	MHS378	MHS381	MHS385	MHS388	MHS393	MHS398	MHS399	MHS406	MHS407	MHS414	MHS421	MHS426	MHS429	MHS432	MHS437	MHS440	MHS442	MHS598
HALLMARK_ADIPOGENESIS	-0.3337085665633272	-0.0020493345573807387	0.11823549637647178	-0.06045068974861806	-0.2319325373516153	-0.03958960189947103	0.02326868253674952	0.08508952766341289	-0.09022899218129479	-0.21474541817614454	0.15192457832366613	0.17951411951181864	-0.13209654962870682	0.07405942889307368	-0.002141442301903218	-0.13933602438264175	0.04219338969485123	0.12098773168429848	0.10099964653266061	0.05567199594914357	0.08082159214926456	-0.07620840190858749	-0.0674824310811036	-0.35491118331887334
HALLMARK_ALLOGRAFT_REJECTION	0.4973423733856177	-0.06179142004111232	0.361922182608187	0.006669493275994393	0.014033009795157925	-0.35497751703943986	-0.21140119497928478	-0.43013795390371773	0.24290777527630975	0.25086896121218116	-0.33648402579168446	-0.28496333206141383	0.25880543505384235	-0.020331127733511353	0.3776556933893053	0.23849136901865095	0.33154919050114223	0.11033474751009065	-0.12403162698501298	-0.31173673071982655	0.1446979026364396	0.2271827336019808	0.28085320955163556	-0.24204715702848664
HALLMARK_ANDROGEN_RESPONSE	-0.07168166980074844	-0.12292861357902482	-0.14981060684866593	-0.2447194252101938	-0.03813632350543733	0.04860172783696959	0.02015679274683732	0.21303174254776555	0.010399237555529545	-0.07710312549259063	0.22082637903858318	-0.21156688497012283	0.20083436683040984	-0.12062750091661437	-0.024478636371287804	-0.12743533318408118	0.1545191771564769	-0.01430761467100547	-0.0032802543931387818	0.18559380146556773	-0.10196497676254496	-0.14333894162400393	-0.08831973394094486	-0.1794279151272097
HALLMARK_APICAL_JUNCTION	0.20082448112954326	-0.14734791647533255	0.26886255959440203	-0.11639419168199415	0.04848704406213816	-0.10856948865165511	-0.2011077163259286	-0.2161008693715783	0.3145473410430019	-0.001920504812181395	0.10108888000972605	0.07083622781326446	-0.16168738592800408	0.04024288236616616	0.3227661293537055	-0.0486184697825899	-0.021585205354725273	0.29029549911143915	-0.15102109857084284	-0.009251696943564841	-0.337497213447386	-0.32376083600497085	0.4047265762247466	-0.010381468000510818
HALLMARK_APOPTOSIS	0.1535793850857077	-0.2832962726037701	0.15887388528239194	-0.16228734670909548	-0.001604761451114975	-0.2049147295507208	0.19231013442342812	-0.17485281691434146	0.014216245332384969	0.107102573203201	-0.21460349559439965	-0.3595338868437078	0.08927557171387726	-0.013731250139198292	0.023227043307765843	0.1968686851437053	0.2755040350019436	0.0094368526305042	-0.17241284350496758	-0.26776610292341396	0.09318303430608184	0.16887281911867844	-0.11201028713646204	-0.39653041769777014
HALLMARK_CHOLESTEROL_HOMEOSTASIS	-0.2528294488342215	-0.1254092438291575	0.035866253673914245	-0.25260725638855996	-0.08309099505473344	-0.12611861739616603	-0.05495845550154155	0.004081040339507791	0.12441621600195871	-0.19784908695075418	0.3086982056984079	-0.3515140002437087	0.33128681441253244	-0.19630383648325186	-0.15580433477890243	-0.09829233617705413	-0.009336256013817101	0.2808832077564513	-0.2767739808639818	0.13085988689697328	0.4207352572718027	-0.23957535099935762	0.22630585416944415	-0.12437586813279536
HALLMARK_COAGULATION	0.07043717322003093	0.12712893316738968	0.29523233565512974	0.24279684631532727	0.20557053339468764	-0.16721376621325662	-0.13675853655802167	0.0940987847536442	0.39959748108710746	-0.10712052479185452	-0.03856714764238109	0.080125183675722	-0.17271278660583916	-0.11288830235762848	0.2994446626828474	-0.0747064037495587	0.12555622202591543	-0.008723346949486815	0.26657692808941824	0.1503538906522727	0.010338775998446223	0.2480062847961916	0.1485960736208254	0.19463035991792596
HALLMARK_COMPLEMENT	0.2989830222951239	-0.1633161513814335	0.22947730998054847	-0.13252239608662483	0.15114553654467455	0.02089342624590812	-0.08334154578706157	0.13791545533188748	-0.10523181266996788	-0.06488357931690783	-0.283857181687681	-0.2580447183860451	-0.03189969902931894	-0.10561752587679255	0.024843973383762263	0.013917378951164239	0.3939603187474913	0.03792813491496716	-0.1181021896865573	-0.1839647676952723	0.044512389895804305	0.16359587540974663	-0.19076251558480337	-0.08277710434729643
HALLMARK_DNA_REPAIR	0.4348265906429352	0.38784143784995057	0.5587651372785459	0.27467842276413534	0.32080187693176176	-0.14326934612952452	0.09074026097091895	-0.2600084138951635	0.38464638344824087	0.29372341693230586	-0.1440284656054615	0.2917456818559756	0.18733643766114996	-0.3902237012438312	0.06823120382442555	0.4302859173384722	0.3550107649757644	-0.16304598693773806	0.20309443470448477	0.007215212224662121	-0.11005438470335191	-0.14011234933431654	0.032867676145963504	0.2634353400038738
HALLMARK_E2F_TARGETS	-0.17343720930374135	0.07443659194004724	-0.23296460862339124	0.18171021217334507	-0.30191670835750695	-0.05745816287859795	-0.4098598392004713	-0.2889675088585197	0.43510977225720227	0.2268519726276214	-0.02515531747972749	0.04534094239474126	-0.10549783324358511	-0.1341199291790614	0.26869964626082027	-0.08032887815187996	-0.38926539535375937	0.2745654158084112	0.1647962836341974	-0.22436158643466336	0.3647513796192728	-0.27623968862864023	0.5627384825982454	0.36539546849577553
HALLMARK_EPITHELIAL_MESENCHYMAL_TRANSITION	0.021114508301035423	-0.3446866067211256	0.5205363974123465	-0.37235512039551577	-0.04873617562530369	-0.1502564684688719	0.28766693807191346	0.12967544886479726	0.15971498730237282	0.0818660896608368	-0.31378355385021006	-0.48783399555239837	-0.08247904048271953	0.017216731507468858	0.24894161128700126	0.015195044102765995	0.3891043100744429	-0.114165059588591	-0.22314638128333777	-0.1921240651924619	0.007480882352534524	-0.1973712711648657	0.25651541767065333	-0.3546708132983691
HALLMARK_ESTROGEN_RESPONSE_EARLY	-0.05488876374170293	-0.18969301413337655	0.02866752266652306	-0.22355305769578712	-0.14126969829687136	0.15823044523039598	0.294084590053692	0.09300102980054759	-0.2722412123072017	-0.12216916453898384	0.13493474183820164	0.08192171090218905	-0.2808261756161136	0.056102246365597075	-0.16999854710486104	-0.16543321727318944	-0.18805654187057108	-0.10458284762660437	0.0323463170257651	0.1492488429071745	0.039903987904144816	-0.02534989511427288	-0.26867491254487497	-0.05385566635376815
HALLMARK_ESTROGEN_RESPONSE_LATE	0.178704264285896	-0.2726255618086048	0.010170478750306883	-0.2967188240718014	-0.08312143646618833	0.06302007678412835	0.40095188337588	0.1007612840184812	-0.07957030248204536	-0.17432804648194425	0.06845003151497306	-0.09068630972657638	0.08325616863023552	0.18159215492593123	-0.05011143235500776	-0.32982493249548595	0.016424944829708132	-0.09283157458532748	-0.1441095369535514	0.01645157629340932	-0.07976529880933272	-0.099307671392812	-0.3588026454638593	-0.16302237498505362
HALLMARK_FATTY_ACID_METABOLISM	-0.269707069781532	-0.036751203835937274	-0.12645070167458813	-0.15046881769863352	0.006271035065564312	0.0017365906458675084	-0.0066574275990358145	0.38276394008110404	-0.18389850332940244	-0.1301807941515289	-0.21525473811332302	-0.10572244657578225	0.13794742528364706	0.03855690137484016	0.06630933463479835	-0.1849686044962487	0.07726500175423351	0.33404082625805703	-0.11351299023583464	0.13388417605910918	0.18291777375162804	0.12077023152245142	0.1516439748755294	-0.1643749159065162
HALLMARK_G2M_CHECKPOINT	0.05074980174712912	-0.10980840377819245	0.058804503776944586	-0.18881453205962828	-0.37227295960046913	0.08667159299209194	-0.003793689998664307	-0.18130026080487982	0.18343178400766574	0.18753804750248293	-0.180669354021384	-0.0678280204649136	-0.26885884966128215	0.32833836269415345	0.16856916362788263	-0.13403733789541025	0.010159901425451034	0.035804323216752365	-0.2359317100849981	-0.05589180261675811	0.1977331304518431	-0.007055985410550775	0.24079957937039398	-0.07276387848741098
HALLMARK_GLYCOLYSIS	-0.28888716941356557	-0.37926269236599197	0.186889417767014	-0.31474143055872406	0.17721384822140374	-0.21071581795208	-0.003188509860555716	0.0653172052247335	0.11068450451214573	-0.1609423418427165	0.20768907847451576	-0.2435414954322981	0.20578248978034858	-0.03047055181076533	0.06451303197781369	-0.1237364215353445	0.24404910817157505	0.09196518618538094	-0.31531193425160514	-0.14310350118502171	-0.20775233778922436	-0.29812456354070044	-0.04924898763625585	-0.15470024452179926
HALLMARK_HEME_METABOLISM	-0.07969316698207246	-0.28752359125603216	-0.34290702487787017	-0.0877482938456462	-0.20594193898125543	0.11461916422061251	0.11090383471654075	0.20377362944424543	-0.16115587023949404	6.103951474976665e-4	-0.03683394034399437	0.11282786104737341	-0.05395406027378191	0.017637707204833736	-0.1302783384743477	0.23061444381537924	-0.2022886491762136	0.04211032432082301	0.004397640927945257	-0.049121021691569844	-0.14776922204941317	-0.14893466024026616	-0.3346087340619247	-0.26452934918135623
HALLMARK_HYPOXIA	-0.14286743800889146	-0.4157550394581378	0.0873270330982254	-0.3701945202534192	0.31793030256175064	-0.084214851763353707	0.11425973359390867	-0.07398511019117335	-0.39255174901641565	-0.1919138629769135	-0.12107873224990875	-0.42040946504277216	0.11958467078410039	0.06935597573608968	-0.1781432953883903	0.026625128981910856	0.2510195668075715	-0.031652322469965036	-0.17945887291180207	-0.2278809786748654	0.17013244239174086	0.05311464783718485	-0.1471824944447942	-0.2512556862977158
HALLMARK_IL2_STAT5_SIGNALING	0.06324485788430921	-0.1968547639306823	0.040720881023367544	-0.11828764347666948	0.011317152724628826	-0.36332331603900747	0.13089365568411196	0.06736480232880993	0.07311267693063761	-0.07509779785093146	-0.20653151488633503	-0.2758173610638747	-0.12769825570043547	-0.07764019840397605	0.2045278798499257	-0.09276180787973279	0.06790910200318936	-0.06643869936062513	-0.05060669511253041	-0.09190749383764646	0.10900943354044185	0.06554432726981788	0.3197354645467552	-0.1294509980506351
HALLMARK_IL6_JAK_STAT3_SIGNALING	0.49426156312537683	-0.1755047002101435	0.281829379130008	-0.09562714026274127	0.21400695198232955	0.007551253162353888	0.06304309036676728	-0.2852747365622561	-0.011477503164667335	0.2959372573858064	-0.2657144579886093	-0.11550379827339508	-0.32940819774989005	-0.12026591233274489	0.29863035451671865	0.33269141540744873	0.34454572382060594	-0.08648617881673085	-0.16858495522358863	-0.3201553855471667	0.17087658887481783	0.21253206637188565	-0.2556946777844129	-0.0817720717711472
HALLMARK_INFLAMMATORY_RESPONSE	0.5395134525689828	-0.13259408130056693	0.3430350474285504	0.029649008531303422	0.17845938687993343	-0.159783422629978	-0.2761742605701725	-0.31187704892376544	0.004634999602764839	0.380906140648845	-0.36199616082624775	-0.20243742243006432	0.16045339756798976	-0.06297226393455081	0.34886913489257465	0.42859991536742076	0.49414712601119376	-0.2093341664764842	-0.08961715222463393	-0.38699034388276904	-0.04791581174193005	0.14970272644992633	-0.13814257894099885	-0.19063312616417633
HALLMARK_INTERFERON_ALPHA_RESPONSE	0.6821576480872513	0.22589610430953433	0.5049935886426773	0.2158804104721944	0.1651103737811374	0.26539152282455014	-0.21512542999936196	-0.48466136332891435	-0.26904118557134604	0.37405056005916976	-0.60262888990527	-0.08896211079092706	0.4484667862235669	-0.279523597698699	0.08683332905362881	0.5175595882989996	0.5263685065621634	-0.27745597763605634	-0.030493598142229877	-0.27128321962728896	0.015469012156003409	0.5148453949880483	-0.3583453577860456	-0.14412055193800066
HALLMARK_INTERFERON_GAMMA_RESPONSE	0.6567424483788527	-0.040716599231128664	0.401395715518676	-0.027146118487546333	0.05110970688266481	0.012833097147015513	-0.1254788091729528	-0.4680159750526537	-0.062752719960334	0.35216124603927573	-0.48837212777372735	-0.22927928889558652	0.33399280575539764	-0.2141847153335248	0.13967507541523588	0.33069456808551234	0.4489033436382271	-0.2274682751735562	-0.16523272419332882	-0.31826124244155823	0.07620103610747661	0.34797582591398435	-0.15138182515092335	-0.11006960932842512
HALLMARK_KRAS_SIGNALING_DN	-0.00846752410045315	-0.10505439755458001	-0.22801986780501082	-0.15424803707755053	0.32399941252225034	-0.14785030825194614	0.43629350989569543	-0.34600487250503165	-0.0465399640183812	-0.04672746881942974	0.24636188934003198	-0.1059833348675624	-0.31684904307150213	-0.11977313813891516	0.18802981886390788	0.19228281220370286	-0.1231442634850521	-0.017243460514069442	0.2607824138617991	0.06559970022596828	-0.3597722390334184	0.35545592435671314	-0.37008145117934665	-0.010711467254116203
HALLMARK_KRAS_SIGNALING_UP	0.2635077091799772	-0.11603032413258502	0.07661330328943997	-0.1182841958879135	-0.1342605437988738	-0.027959302342475817	-0.1198470664098579	-0.07344880814487102	0.08113796345977436	0.12846623269316002	-0.15589270643700476	-0.21389114416006355	0.261696693302061	-0.12749880651152914	0.0953501184190204	0.1695901938704165	0.19632932212773438	0.12774296510400432	-0.03665288434921535	-0.0038729392261079576	-0.011126909552068076	-0.18710003116421656	0.102468493146314	-0.19350586423428598
HALLMARK_MITOTIC_SPINDLE	-0.012836303935194276	-0.10066882006489643	0.12188227109757709	-0.2648119136764809	-0.3008908512509462	-0.10816312510175852	0.01703833693890569	0.08760215743902687	0.29379528146543477	0.009252126389100335	0.04707385459209881	-0.2081743446156187	-0.2890592970114896	0.05146402119735735	0.2559168806468468	0.10286468177703545	-0.16271147127363028	0.050873162560297114	-0.18157305504580235	-0.1097424829940602	-0.06257283496921576	-0.07993900542889344	0.23668565106873232	-0.08102022922562008
HALLMARK_MTORC1_SIGNALING	-0.15280066105079476	-0.34373130570118277	0.09896794895413179	-0.1453598749813384	0.009738271690469563	-0.043341580666474144	-0.013278539484421703	-0.1519564286294795	0.03534255178522136	-0.003990264506156388	0.024782822593219872	-0.40342790873575873	0.24222797182334058	-0.12280146831219581	0.010077822274954684	0.16911667351759493	0.28921602285802445	0.15510872780178092	-0.3385303379254828	-0.26437852996411854	-0.06393622402120475	-0.22240298174051115	0.06476649571893803	-0.184182675350754
HALLMARK_MYC_TARGETS_V1	-0.41698527183623185	-0.07015793536799002	-0.3578301599511547	0.03667625097275068	-0.24692320115944194	-0.2861257986959148	-0.08561052438138339	0.05566834732637155	0.2893630215028363	-0.14771502533869896	0.4209378862402994	-0.008222795843184194	-0.13837583810807533	0.15520270570664185	-0.02793722946739574	-0.36225019238393596	-0.21224226038679198	0.2784280474019354	-0.266072362146765	0.1362412575088079	0.019466499899522788	-0.2155713688420016	0.4048768136685437	0.11895897516082715
HALLMARK_MYOGENESIS	-0.2602948927481561	-0.14648762446657454	-0.15047444706923535	-0.31496865014770836	0.14383130782219633	-0.13837995904329162	0.1632715500637069	-0.19929305912596612	-0.07182617108108771	-0.14395621356572308	0.011348243373543565	-0.045060699777351	-0.038083067380684316	0.1574229712289857	-0.04264137269507645	-0.23343490107452075	-0.00858707321773336	-0.014637241983951527	0.0793967989137084	-0.04973768376164617	0.2854516515151838	-0.031553239225954405	0.09261934793410244	-0.08571676853112717
HALLMARK_OXIDATIVE_PHOSPHORYLATION	-0.5294826611549044	0.34563420043299586	-0.2661499776175381	0.32266345314207817	0.07404901875902431	-0.2653486087980167	-0.007595064954526803	0.1209885459736563	-0.02574730430861713	0.2529870907989946	0.31082324882435297	0.3675977204125022	0.10884227725395526	-0.09299262484920726	0.1812507870302494	-0.28686433497668856	-0.12113158302425	0.3360198678082546	0.17142353134882915	0.22830878986045447	0.17210873930684312	0.053493819096473716	-0.05017154116632244	0.26704206174066886
HALLMARK_P53_PATHWAY	-0.04659088085015686	-0.3557424375204906	0.00885897355115603	-0.11939566940134241	0.25295231059086715	-0.1723141741953972	0.12799069166880633	-0.10341301219745036	-0.1336967896308917	-0.12947649576206088	0.016837967442704244	-0.35461915521247406	0.19791176696467866	-0.037926923521261174	-0.2360139101978373	-0.12812183332119295	0.07236569780645336	-0.06400777011769164	-0.2718891079775896	0.0736041254249914	0.35267887212784654	-0.06771164733247173	-0.18332995485778092	-0.3384994188882015
HALLMARK_PEROXISOME	-0.052269976992087824	-0.1837008261315187	-0.19606412321908118	-0.11020156096948974	0.22085506692515217	0.23118152246050136	0.061832800901309354	0.31064359641320083	-0.27633160668297546	-0.26511484864581514	-0.08933768899373043	-0.01480630832823504	0.1566065831618871	0.2984127096756282	-0.2836582773456867	-0.3753809929669133	0.2333712602788728	0.35991111420291044	-0.25515624641781876	0.2033225266083847	-0.019811493101588862	-0.3203304001086296	0.07066588064977747	-0.08752755065560136
HALLMARK_PI3K_AKT_MTOR_SIGNALING	0.18119018122167146	-0.22924264737942082	0.25533360186782883	-0.1251209889090317	-0.0686127111955272	-0.10952355877797189	-0.11016904479853937	-0.049904950030660145	0.039028042387212386	0.2904982044683504	0.11393499293186221	-0.22890349880114724	-0.20757741499585167	-0.04487541490496941	-0.26060607845790423	0.21425936065428824	0.12522703169678562	0.20842929659002904	-0.24479958553536624	-0.25080966488608286	0.01972992610604421	-0.15861354041987305	0.03340150427683006	-0.025371306438940727
HALLMARK_PROTEIN_SECRETION	-0.22168721335320052	0.035688347349777494	-0.09186757340191949	0.13910772738975036	-0.3571157257881115	-0.0169269817473513	-0.25129838647594815	0.2030427425997094	0.09899101034672249	0.07120839777906852	0.31769526862854774	0.051799583079673195	0.13984766406429563	-0.23418911913501328	0.0917347815684468	0.09437751405293716	0.07972057676810844	-0.030791587402243137	0.050200489624925015	-0.2798084759576222	0.03985947576751275	0.04858341894363971	0.17028506723561831	0.0035652550986037534
HALLMARK_TGF_BETA_SIGNALING	0.18990345341426046	-0.3851163222269774	0.14231152371854633	-0.3095344722772395	-0.07168608969344531	0.038124500825599844	0.379099062192285	-0.15544173170784426	-0.027251339115553913	0.024174538330041212	-0.23156246550545015	-0.2191847216683744	0.09569837882904127	-0.3906933204843869	0.15665858825455117	0.16953659658578302	0.028385449987222422	0.2310167204738182	-0.07971259214251178	0.06089998713984843	-0.3377188238740868	-0.009214099746564203	-0.24685259859011277	-0.2104143922735057
HALLMARK_TNFA_SIGNALING_VIA_NFKB	0.5814884532619241	-0.3995956201760976	0.3508647450110937	-0.40308150851713226	0.014782523791540228	-0.15317213802370264	-0.11835184701918505	-0.4524155019272598	-0.2181185623765201	0.29341194848738894	-0.45517941537105433	-0.4545425650063207	0.2421900949181396	-0.02085187684714694	0.3085597976054338	0.35577820887084516	0.5061191158206159	-0.2668237127469752	-0.29281364550852934	-0.4323108801156938	0.12206821681338771	0.21841182652122393	-0.14093611436825015	-0.3724558558440973
HALLMARK_UNFOLDED_PROTEIN_RESPONSE	-0.15382621931031076	-0.16759191854336317	0.1288156974798499	-0.20195269974074478	-0.2800621180386352	-0.11626767863462432	-0.04614092213503418	0.12987179487178524	0.17921555430086739	-0.13459801982778985	0.37128326784785826	-0.2506521351117352	0.14990393641289315	-0.031496258314934134	0.1011339572258132	-0.06334555496859223	-0.0376817613779242	-0.05582708172637063	-0.20178292103976633	-0.17558877420420582	0.11315706079119282	-0.3593987858776689	0.22834335113237694	-0.10777038390375948
HALLMARK_UV_RESPONSE_DN	0.07416994146402789	-0.009959327540057683	0.12646862305091341	-0.10047877476625977	-0.23389876665211043	0.21387158224384034	0.14553505475101022	-0.20874882529443145	0.24875790105664794	0.1434331251660945	-0.30344834973577806	0.057635663428451805	-0.12781692730091693	-0.11940338957156862	0.1672019347068462	0.19581659319914463	0.0862789878574077	0.0656661553267904	0.07776091713442582	-0.10984427870467495	-0.10296374619595831	-0.1321559960878528	0.13870875172519553	-0.17699313999760174
HALLMARK_UV_RESPONSE_UP	0.10514977600453113	-0.3928830681942611	-0.13271616386748186	-0.11638996585437139	0.039388007629643534	-0.18098975550242674	0.027018236905058488	0.06627153653755716	-0.1633405919750071	-0.2071391876518983	-0.171662641999936	-0.14173100548631604	0.3959096355964182	-0.1522295635322091	0.015250723065700633	-0.09126528747141685	0.2895221942069068	-0.14569852175579381	-0.19965450841272314	-0.14650673485342075	-0.10574120087177655	0.061460329120202925	-0.05198345400875001	-0.49145061400696743
HALLMARK_XENOBIOTIC_METABOLISM	-0.16891364942563133	-0.221384558780816	0.07197129415564121	0.023564686765639165	-0.1190917299696736	-0.20094893169428857	-0.08581486944398106	-0.047350904712139624	0.24785828976586927	-0.1657323784452331	0.19620480776356494	-0.03584860987757402	-0.19551513419734617	-0.19335677697305853	0.12202019671020158	-0.13116733689377139	-0.022356820291518226	0.12662052022717582	-0.20578241265534658	0.08827148214456051	-0.3342779756940853	-0.19735463948460685	-0.04553424610664503	0.4006189401939999
KEGG_ACUTE_MYELOID_LEUKEMIA	0.37362052138415414	-0.041573042150097106	0.22988385237988884	-0.18481740548864184	0.10338741044917674	0.1243600162405894	0.3478479154931936	-0.43528175443026623	0.28700029742188987	-0.019647140787074024	-0.10075125170828927	-0.023174014120469988	-0.23303465292853798	-0.23652900394766002	0.09040339617130608	0.2363900764702843	0.03953530449737397	-0.33430634197586967	-0.14288018244683792	-0.49576544564187164	-0.1840721717505344	-0.010311012940672992	-0.15405989502933012	0.23220494896984287
KEGG_ADHERENS_JUNCTION	0.06647382553067074	-0.11250049924592706	0.16600039080696616	-0.23720421982686885	-0.18395517211954832	-0.25172835979829367	-0.036129605636605444	0.057721505924148694	0.4836835250262251	0.014738668413935369	0.03103514635369406	-0.04827132088370642	-0.3736487359490589	-0.09075608598251897	0.19549730453025932	0.09756333312728677	-0.2652505141493863	0.39269841269838646	-0.10019835332862842	0.038132975621526066	-0.34517091591454097	0.024156683427353803	0.0840784626444486	-0.06769416704997602
KEGG_ADIPOCYTOKINE_SIGNALING_PATHWAY	0.3815536147974501	-0.2087936388603931	0.08161646997253716	-0.3084417923499428	0.5052284370774176	-0.5443211102545387	-0.15302647277506437	-0.2657286405212509	0.20952395960119713	-0.07108829345139292	-0.05994569802023422	-0.3843622040240527	-0.08733789624180155	-0.044940027898840496	0.18548114197766571	-0.06683306536402461	0.4942549716535497	0.17870143695218713	-0.3035152596689264	-0.38493486774022256	0.012886643767606926	0.34063675553925243	-0.12356226831054591	-0.15401910053994594
KEGG_ALZHEIMERS_DISEASE	-0.360609294658384	-0.15698886069601167	-0.2622132398594158	-0.07745717736838736	-0.12760649727405993	-0.31206080423763	0.1702007844194766	0.2723833399114505	-0.14505946023079502	-0.3383932201742717	0.30917062680894486	0.005713570633320758	-0.045735189452338995	0.15901293021502375	0.2582235531051994	-0.46454244460380556	-0.18308936138492815	0.1607544259421677	0.3644946736854648	0.27339060956033784	-0.11713496960346867	0.12021699726590693	-0.15836640528848872	0.2855437846585126
KEGG_ANTIGEN_PROCESSING_AND_PRESENTATION	0.13034762011324544	-0.45948432664701344	0.22958821764181764	-0.1624931877665085	-0.28176854249788685	-0.4356995740280621	0.03396123925452617	-0.1295205178570478	0.29373093306209686	0.00852411680689169	-0.037605769546150525	-0.5647769183507519	0.3176617285036154	-0.2237909506947827	0.30107721087280315	0.125548514174672	-0.13248006225884607	0.19154693703021863	-0.39067944995629517	-0.4137839130103451	0.08779943010008234	-0.246532103465116	0.5448590802158719	-0.3399267350001306
KEGG_APOPTOSIS	0.4418543874519353	-0.29541094003534085	0.34288150593311384	-0.06097562617390112	-0.284644692205854	0.2365977191990021	-0.20865879973601956	-0.45817851166936163	0.2146407361087675	0.5690833226560928	-0.459041111948861	-0.21048029300668447	0.18569891946303113	-0.3449905212122503	0.31965495024338714	0.4024424917318016	0.3955901885685512	0.22306332540388177	-0.36673957684339664	-0.3424657595653761	-0.02665007411853973	-0.16921354744416547	-0.1765734133572461	-0.04093176989974448
KEGG_AXON_GUIDANCE	0.1910002001343593	-0.171592662150987	0.32353523288489383	-0.2964719048552513	-0.029990570520755266	0.21251541074921226	-0.28115576166952266	-0.1399834891885186	0.20183112923431507	0.08267593017848121	-0.07557777726375689	-0.2878755994169655	-0.2159000153495534	0.25614004030351395	0.005327777138940282	0.16821009761894778	0.00418745124922984	-0.06965856789869598	0.03993976750506062	-0.3069221327082304	-0.27078550246541333	0.15964160920983056	-0.11186474457778385	-0.16112319269592124
KEGG_B_CELL_RECEPTOR_SIGNALING_PATHWAY	0.5731682124739036	0.053836219968514024	0.36282818338572576	-0.09708115877587065	-0.08754912742471756	0.3185999179504026	-0.2136262171735776	-0.3405076276538981	0.24928838511886214	0.4262845457620339	-0.36762680785907	-0.1216764681105381	0.12764083703332516	0.046103648658088	-0.23870818447685777	0.406700443664784	0.29429499313354635	0.18863300533105198	-0.2069475237637995	-0.3839933800060872	-0.34983568550205585	-0.07387188759720861	-0.0269916527073418	0.2753797208484559
KEGG_CALCIUM_SIGNALING_PATHWAY	-0.3122586928917246	-0.047400355161632074	-0.14691261567688446	0.04302305926729694	-0.28751078209492875	-0.32768359310991535	0.3101686582034249	-0.06575350877464287	-0.06072898388174505	-0.019350880376830637	0.3591073527180901	0.05679823123244074	0.09744453752408126	0.11475701100160166	-0.19886547028911888	-0.17006839427502873	-0.10607004437961365	0.17553668272003237	0.10208220299137633	-0.03019217956089129	-0.33507593724980766	-0.16293288038049525	0.010333695805313764	0.28314218809227315
KEGG_CELL_ADHESION_MOLECULES_CAMS	0.42823668764895645	-0.12652417628231546	0.3710370202465638	-0.09941267879477461	-0.4664124173645462	-0.29396704808346685	-0.30743961134408365	-0.22495716661683138	0.48865743330118466	0.49225081019711553	-0.2636450741517251	-0.334579651390257	0.22857851849395447	-0.12558768772817538	0.46695167502323165	0.27289235154096964	0.004984453685048629	0.32321158445676645	-0.34852462061714434	-0.2518370453656876	0.11986493491054444	-0.02748029141696573	0.6037636505813982	-0.2960574041641223
KEGG_CELL_CYCLE	0.03231888709950012	-0.09935437816134754	0.04128663525474088	-0.04300638461915854	0.25461582468305866	-0.1949987214915708	0.008295961552488379	-0.43354078850984046	-0.03177004508011011	0.07839721254355589	0.09196374388307266	0.03775343526429639	0.19228807357486968	0.13705455270388092	-0.36813298388979104	0.12875610180756125	0.02863931004174855	0.2266946847498179	-0.15887648145329503	0.20440206001694025	0.08493343121696345	-0.1602729116205704	0.14593429715825867	-0.3276170874078894
KEGG_CHEMOKINE_SIGNALING_PATHWAY	0.49999204493714844	-0.07857594723378053	0.30991928678335023	0.04633299910809019	0.1831513658611179	0.0279664433742505	-0.09706239061037429	-0.310007710819581	0.0024025476306432786	0.33905828149202555	-0.41831127717864647	-0.12227594963125256	0.17203796913895147	-0.03588754220499683	0.22874795476846543	0.40960716330135777	0.280640897718021	-0.16454824839112744	-0.12358322417973751	-0.3301274899202246	-0.23660778380826053	0.1651888448982469	-0.019566436862480413	-0.13631391286527303
KEGG_CHRONIC_MYELOID_LEUKEMIA	0.24466690468997562	-0.020233060233774164	0.2537718171958076	-0.06728034129318858	0.09037175237920089	-0.1320641664097923	-0.23649505757147807	-0.32206515601148833	0.06523409350085212	0.33003054718414276	-0.09277134437276559	-0.0960623622703615	2.358052824437129e-4	-0.1889549009318517	0.25069961203770774	0.4048364688087224	0.0522905497293243	-0.025022535470974328	-0.07080046243883376	-0.344781156751638	-0.2626574963048522	-0.1257208456920657	0.0018825979529949188	0.10903640850699181
KEGG_COLORECTAL_CANCER	0.1833900720662696	-0.17613591953285804	0.5318333512161318	-0.18127753391939594	0.061661081534966244	0.46563072484501256	-0.11358922490085993	-0.3029367258005976	0.13028429767328495	0.38306388762263605	-0.3352269469725886	-0.1749568324361057	-0.1453494395966371	0.08572728968897245	0.06187347422964384	0.4953159346051163	0.12300711924468342	0.3156687317906368	-0.15881969363044782	-0.20696053368074047	-0.3285031296841756	-0.07546470646374649	-0.12991989173826293	-0.32695168361686333
KEGG_CYTOKINE_CYTOKINE_RECEPTOR_INTERACTION	0.4312111553851052	-0.045513359512590196	0.19715467794423772	0.011648166394009007	-0.008998426714495494	-0.05992300578205796	-0.22668706654235343	-0.35844274106876506	0.18764068704819087	0.40266798688734073	-0.48701654288437	-0.0925696974679884	0.06858648616732056	-0.06687583926221598	0.48272564062925677	0.4168310014648938	0.3707918358360159	0.1859098675650378	-0.005746649329675502	-0.053029725755934856	0.03451878035311541	0.16074954593551816	-0.016028149588759102	-0.22742500953595224
KEGG_ENDOCYTOSIS	0.21170827713564985	0.04798742906316458	0.03827343884856116	0.04522553223760087	-0.006177616908846634	-0.1172015871693361	-0.06709299468751487	-0.2353290761368775	-0.05085608127756605	-0.004359162817150403	0.23320849540388075	0.08216754757966147	0.08005701080145532	0.04931824322332745	0.2068514470979293	0.18980906906607975	0.03157239658099126	-0.2733387353472837	0.0923014438998304	-0.22464045538248967	0.02110232164302686	-0.10598512495263174	0.14845269625485685	0.07410793526936682
KEGG_EPITHELIAL_CELL_SIGNALING_IN_HELICOBACTER_PYLORI_INFECTION	0.22585959217553028	0.03607631923462938	0.04722430743288278	0.04421205188111374	0.04025909233537531	0.01862308746911362	-0.12204529150523227	-0.13871242211614546	-0.09177625192269084	0.29136493989334405	-0.13775176182135979	-0.13054300340640093	0.18943418242219487	0.018407242657637046	0.26407195487925	0.3677282031267052	0.3748644585267416	-0.16623979559411828	0.09838812851287017	-0.2660361800583533	-0.29078731421952214	0.14413307565549224	-0.06759793910004991	0.013393208084074626
KEGG_ERBB_SIGNALING_PATHWAY	0.05572924513354635	0.21095110608235804	0.351725500892807	-0.0915721512431428	-0.19082217261127535	0.10114220116108627	-0.15098744581432985	-0.17721016106001283	0.14428501135063876	0.367211797616848	-0.22129817468581886	-0.1378156849822979	0.017878773433759598	-0.16373768604737812	0.06617212705949665	0.39931114214387636	0.07738516096407477	0.007779237905856579	-0.09615492878454776	-0.35350341572899047	-0.23716886367743198	-0.07010714405429909	-0.04053381415963325	0.19578314597763147
KEGG_FC_EPSILON_RI_SIGNALING_PATHWAY	0.36226987272335076	0.020331100135245056	0.35668616022918426	-0.014621840991766305	0.29498819274143306	0.31688848889520477	-0.04417975235023919	-0.09381692442882694	0.24203623089406712	0.1985465796733082	-0.1253262042701476	0.17812724212201092	0.0595031475873562	0.033502474597275844	-0.15313698715633273	0.41031252460143147	0.13644745503805314	0.02289179132214822	-0.043517796727377156	-0.3194492981888215	-0.3320255651854889	-0.3202157014899011	-0.09893398385582744	0.2618352339955582
KEGG_FC_GAMMA_R_MEDIATED_PHAGOCYTOSIS	0.41752574538773984	-0.11745404152410227	0.26835522157475167	-0.044143121251526835	0.061094559867162834	0.17381263737485042	-0.2567998368354014	-0.3092242619138267	0.2552183062249999	0.27341327827295314	-0.2619761816977387	-0.011069595769811036	0.13253755249818855	-0.037771462183295176	-0.15038650913251472	0.4220975368837655	0.38584646391234034	0.13363369205870826	-0.14441635864802457	-0.25660100568850663	-0.2055282047671329	-0.08533558646901168	-0.05454569740851872	-0.19278590423713265
KEGG_FOCAL_ADHESION	0.14600995192367847	-0.14862933046517462	0.35170411229578386	-0.15637187003727138	-0.06551641805871097	0.06037283734894855	-0.050347777348110065	-0.07041419941285265	0.34117999985237424	0.3455477450670236	-0.20631440749779825	-0.08082164575269132	-0.014123693656620168	-0.2193849162543539	0.1582588580638907	0.4045133210623665	0.14268440289958878	0.09675556709347545	-0.2728918930295655	-0.1844439079198708	-0.24980559671540198	-0.17325352584196196	0.27244515561267	-0.06434334810587386
KEGG_GAP_JUNCTION	0.1282484522987562	-0.08038786893318015	0.4064310975065968	0.12160987240422474	-0.49377129467734826	-0.17446110660176695	-0.14112861282098527	-0.28556537992624065	0.23479575352090234	0.3675047817097349	-0.14391933933348192	0.0848526433847197	-0.2527703635168125	-0.2968391453704386	0.48425597941240855	0.4367158478390368	-0.22621164289269696	0.23228942681277384	-0.36731736886118665	-0.3759267160618184	-0.38703046536341795	-0.0408525201479851	-0.0316456353413975	0.1655161776262905
KEGG_GLIOMA	-0.026955679568093582	-0.19988804184090295	-0.07054248516506897	-0.03342990882465749	-0.17408476048647292	0.06093905171020855	-0.2415887350383601	-0.17310609194451473	-0.06560695665509245	0.12235599836757566	0.3461372041253258	0.1259618624082037	-0.10849850954795462	0.12684865706760343	-0.0855035300034458	0.15938994337602666	-0.1038094890867089	-0.143818121527098	0.08368028751309117	-0.16476869471461614	-0.25809387010909235	-0.23916192524230165	-0.1660735843546665	0.3339709324294885
KEGG_GLYCEROPHOSPHOLIPID_METABOLISM	-0.1795551916585938	0.6397801918712762	0.30410373254042977	0.4906190625923061	0.21037694604200002	0.12522074093923885	0.30737176460688553	-0.07942892682543601	0.0019507706464223784	-0.348712445803837	-0.13126890649319933	0.657865347612287	0.236425200228831	-0.08560170473662454	0.050236980303128315	-0.0909277128014924	0.14970945806717373	0.14186266998660035	0.3763019052271601	0.1880619409563624	0.0898875389095282	-0.12909916819066763	-0.16792377622949	0.5337597501083348
KEGG_GNRH_SIGNALING_PATHWAY	-0.2667427049258964	-0.050634534581638135	0.12978476534178318	-0.003104064737266876	-0.23991311200219465	-0.04600340509399814	0.1510022262098456	0.22161396486999613	-0.03552597017764389	-0.010418039625974818	0.27244004441311664	0.21631763722972136	-0.08906696268472916	-0.14200669391987927	0.05954563402123114	0.1598835370546421	-0.24481808583982387	0.053344885203287395	0.07482794221335567	-0.09498671333129866	-0.42535888454954734	-0.07106065297178743	-0.3643299051640057	0.35386448449359326
KEGG_GRAFT_VERSUS_HOST_DISEASE	0.36713263954925224	-0.39076582786415837	0.3605175078078548	-0.4345298474890933	-0.43048885251631386	-0.4870726015847962	-0.27749919010381496	-0.36200264272676425	0.5941916248799222	0.3447150803320769	-0.32361400555049924	-0.647808602753869	0.21299901330453339	-0.08929632139194384	0.6142700247035421	0.3655787363559052	-0.041695203337858255	0.5900410876083235	-0.4480337980635506	-0.5705988597865822	0.10040650952398175	0.01220257496740107	0.686892967163435	-0.48994022556124484
KEGG_HEMATOPOIETIC_CELL_LINEAGE	0.08905233302850485	-0.14702085431758727	0.370065546535197	0.023931080687927542	-0.31985279996872296	0.00962818763356127	-0.06192391891435359	-0.2223079601414963	0.6266549958908513	0.4986457951693811	-0.36749731160475807	-0.11592457603358705	-0.27698416143733484	-0.3088776910140994	0.5072246820144711	0.2827200071919281	0.01486716918965858	0.3192803594377237	-0.15860468759262702	-0.3398189359056436	0.08002656833605723	0.12406388952121492	0.2918342569977149	-0.23512357679890758
KEGG_HUNTINGTONS_DISEASE	-0.5100694698294658	-0.30260447884335023	-0.3339581931901411	0.050615540003431214	0.40163540743323944	-0.5036252699407524	0.2457140448152178	0.20132800329327916	-0.40316839674194893	-0.33968405046946626	0.041233402193646324	0.10564011583429858	-0.200385769043116	0.012120865202336545	0.17652217883996416	-0.34093706919564426	-0.5297879347831208	0.1860805553823533	0.2975682435753211	0.32847478163912536	0.21785468524248225	0.31995197170721923	0.06557527683727599	0.18181731333838036
KEGG_INSULIN_SIGNALING_PATHWAY	0.0429454108935268	-0.05753724202365576	0.004773434418682748	-0.0033619857568842615	-0.0812453826732335	-0.1351518148188871	-0.23624006294941746	-0.0734537320530082	0.1128762036502306	0.06591050349976507	0.08223011569006154	0.048712180834064256	-0.01981813220105627	-0.12047381331497392	-0.13654337456544857	0.21684964957121433	0.15183623264803822	0.15556540747928	-8.286644771370588e-4	-0.07876384162618535	-0.1783952278126199	-0.13439238034139045	-0.10083921892546799	0.2694055588989047
KEGG_JAK_STAT_SIGNALING_PATHWAY	0.5473530194275352	0.0018441251144069026	0.27948924149049725	-0.1476543228085389	0.12511088017614466	0.0282083725272039	-0.02534836186665157	-0.3426243378710577	0.08246943206881652	0.379030509724758	-0.32133655969512187	-0.282195235201227	-0.1519255189780749	0.006593587029356196	0.37524170875521146	0.30886041721696966	0.27763376017061864	0.05668102871518221	-0.28588964463734906	-0.390286543870116	0.0895568461096439	0.08642098481881796	-0.38153887234667055	-0.10963036326528519
KEGG_LEISHMANIA_INFECTION	0.3933921007941923	-0.18123482973959432	0.35496609885677194	-0.04034019495298072	-0.3074280594407405	-0.030430431465944152	-0.1144691881701369	-0.22548249012028473	0.3644364415400294	0.5084259362386526	-0.4264926825485399	-0.2719750371247608	-0.013190732820173995	-0.11271698115725277	0.5266411972756808	0.3992041165467451	0.13608580022833705	0.1238070300818833	-0.15693202686996516	-0.3270889998977993	0.08233407270281817	-0.10110360040889807	0.39318802241010953	-0.29457644443144027
KEGG_LEUKOCYTE_TRANSENDOTHELIAL_MIGRATION	0.2395857266555794	-0.1483022307675742	0.2594594852198811	-0.17482197623228155	-0.15103473891628885	-0.019062536718890244	-0.012596298639243553	-0.05939931842342375	0.1266589204442389	0.169557109204718	-0.1619493109246515	-0.14808156460272484	-0.04844833771712144	-0.005490193818067868	0.25491468473891965	0.2966249572446486	-0.029869496786636363	-0.07294088726382429	-0.20977118456002605	-0.16341754390401245	-0.2901308002714715	-0.19453393488878998	0.3637277614340164	-0.19625116770449777
KEGG_LONG_TERM_DEPRESSION	0.049026111168018555	-0.07860434388908608	0.29234495208880823	-0.046471618023143396	0.30222940344158433	0.2594963592709352	0.009894644458728508	0.05120217441402669	0.11939142454550286	0.15993560906138632	0.07567455696024675	-0.011096353036689183	0.2682689476115721	0.0020779358197444975	-0.17446617405600195	0.2970021902030518	-0.006609448434629656	-0.07535678196668688	0.1418398929664887	-0.15361936855919256	-0.3778021774300748	-0.13398258120856207	-0.36712618991151036	-0.08425005815068931
KEGG_LONG_TERM_POTENTIATION	-0.014801881175538406	-0.21871451489825777	-0.14724235074176548	-0.08100414347878826	-0.3551677379112116	0.01791488504131261	-0.21746608420063568	0.11020352434040936	0.015761147007772147	-0.017654504430128948	0.2645216516524556	0.31959622459129927	-0.0650400511081635	-0.05669777686944266	-0.3270218240552985	0.2068476896612353	-0.005959917416645866	0.05750998783136263	0.07097532184592079	0.10347304599974289	-0.4605510576134742	-0.2691911015170634	-0.03844842284739455	-0.13391748589566704
KEGG_LYSOSOME	-0.3194183229074243	0.01738350886324247	-0.050766383551469174	0.22209125360498144	0.35966624448388407	-0.19232420306895387	-0.1631689256118365	0.28070747344050984	-0.10962613896415216	0.06355636676609368	-0.016583393062994473	-0.13213172074575197	0.18478648241699674	0.06032507327472297	0.1956392027541256	0.1782763348451383	0.02880887563104989	-0.1558904612141903	-0.0717229010704718	0.08315346050836087	-0.009869604330183801	0.07843053454255733	-0.014483730013351126	-0.2468025334681835
KEGG_MAPK_SIGNALING_PATHWAY	0.2134924706187735	-0.2710298217288616	0.2802893576308255	-0.22368287348045574	-0.04992271132744375	0.049732857757055604	-0.09241809494271191	-0.05995335162998716	-0.17273334426149234	0.07267166683389313	-0.18991086656163964	-0.07814096899839473	0.035850289891013964	-0.05653779655619022	-0.05344732252626233	0.3433027117848467	0.12314394404220431	0.04470528715972856	-0.04639597130883777	-0.3125095126884438	-0.0930254502318604	-0.23851028326807577	0.054335686657894955	-0.016100464836884737
KEGG_MELANOGENESIS	-0.07665248951146517	-0.3218719861809648	-0.10465401845691749	-0.19270329929474353	-0.46708346592870864	0.18822840109371453	-0.11617019299913868	-0.002771812395842871	0.2511630925821966	-0.14301327411274287	0.24164419881781102	0.03365378186946949	-0.2904468112998142	-0.007447236189568385	0.002096415748036179	0.07819998497173705	-0.2622869993799592	0.37492203828973275	-0.2364110910040865	-0.20058896203766505	-0.606370419363613	0.05997296145744557	-0.21777797491377945	-0.07251306686224857
KEGG_MTOR_SIGNALING_PATHWAY	-0.17941748835329746	-0.21379279410674734	-0.013715659080244857	-0.2936663600837899	-0.17760361425411525	0.03564055601151081	0.1669540592449288	0.015535842135502465	0.04108891027438755	0.2833279144598205	0.02258646650417198	-0.20940345258511375	-0.19036219320027914	0.18998169735008413	0.11708602536119467	0.2958803401007146	-0.02673248265222017	0.34697321571148537	-0.1621482840655727	-0.21047151235754297	-0.033744778293974764	-0.35672315216443373	0.015307579541407268	-0.46048913178097656
KEGG_NATURAL_KILLER_CELL_MEDIATED_CYTOTOXICITY	0.5479164753759773	-0.07298603957626368	0.3024485396026902	-0.01728360201731488	-0.03806430118273903	0.2890758417299922	-0.19801900324385488	-0.38365727371524494	-0.002291847360281901	0.36492863127591657	-0.35144306063093	-0.24191854060129583	0.09645464532403972	-0.11686917709941466	-0.01665216600449232	0.4894165215286628	0.4365303021914907	-0.08709025638969037	-0.324370750444815	-0.4707927052628293	-0.1184840441725519	-0.02983345269157832	-0.031462659119385575	0.08118367278729288
KEGG_NEUROTROPHIN_SIGNALING_PATHWAY	0.08823051069977006	-0.16632375389925486	-0.007087366742972417	-0.1326319235791547	0.03358880764754946	-0.16053860645456863	0.048245614035084566	-0.06845054104252937	-0.02802176356071326	0.08115296744604765	0.08047466716196217	0.03473508025858585	-0.09131042203934273	0.08603610230085915	0.018324266356485763	0.26613043119768326	0.002006441562355854	9.767886195649056e-4	-0.09533131983627849	-0.16342738450169897	-0.2616670453993291	-0.0685528507499587	-0.03285469840164382	0.09291468121560599
KEGG_NOD_LIKE_RECEPTOR_SIGNALING_PATHWAY	0.34702098833324213	-0.28109291452417995	0.2766719557425434	-0.29481903269455195	0.03378128504731753	-0.16071778802462272	0.013894036623385925	-0.16340226541419117	-0.027032435364962665	0.36890343649139146	-0.33208000530067705	-0.2725522506934629	0.15312275515604107	-0.16090634934674575	0.028001237920410815	0.27528960341134284	0.393041774348137	-0.14419524519165583	-0.03829039473251927	-0.32564663390920817	0.06145581127911018	-0.03651906517939876	0.10471414059825523	-0.30290548996136
KEGG_NON_SMALL_CELL_LUNG_CANCER	0.24305715644	-0.1455613635897735	0.44414513769511343	-0.01706559091587867	0.12166477262894508	0.3272083630315977	-0.3138958059143566	-0.030248425991918515	0.08367407026269791	0.48032893867219983	-0.1615713440702491	0.0478726879172853	-0.212336489747689	-0.20172829671642722	-0.20168879325251657	0.488538123505602	-0.03898271383881852	-0.004348230160008099	-0.11127158609868137	-0.46288544504756945	-0.15271909335623704	-0.2636119378832402	-0.04288873100316978	-0.12909471919530635
KEGG_OOCYTE_MEIOSIS	-0.41535337876703665	-0.25550045028704327	-0.4137604430952022	-0.1951378545414953	-0.046949400057510776	-0.07538977953238507	0.16535925678759728	0.2595223681832049	-0.16504189635659905	-0.16649375388210874	0.53143931027976	0.1012232754624035	-0.024738985334184338	0.27683076389225364	-0.4345923005040276	-0.07855237313988409	-0.37247332705096947	0.2759086309174201	0.05446944743016849	0.2839374893127276	-0.15007122478056692	-0.27036468370970246	-0.209125751839606	-0.034251071101320196
KEGG_OXIDATIVE_PHOSPHORYLATION	-0.583161726333312	-0.25817477956624946	-0.5483924734252514	0.03820630167304401	0.48854982846514255	-0.39440690970172065	0.5448961115415463	0.4758948163973694	-0.6137906427855897	-0.6231650248568414	0.034121114607635644	-0.1346345575890651	0.23985882538513736	0.1301699927772643	0.5004397924480184	-0.5099171027548974	-0.29844807876866136	0.046695224112262124	0.4185717756257952	0.45068705892795413	0.27737111930068076	0.37382260596546657	-0.15384296941675007	0.3130580329767012
KEGG_PANCREATIC_CANCER	0.23903158326782853	-0.17865099633899065	0.34882606456156806	-0.08663250953702412	0.06242881571947531	0.23449881211576373	-0.12386332322952981	-0.28532136977763556	0.324014758203948	0.2768828885835237	-0.02193641772245078	-0.12062971941899703	-0.16508239403146657	-0.01855066185677795	0.1267104781808771	0.3264930792943632	0.25092822339976717	0.029739653579434977	-0.17379833790060503	-0.20763946725260832	-0.1942075432651592	0.014200723887316746	-0.20984276566667495	-0.2670123289984764
KEGG_PARKINSONS_DISEASE	-0.6699641471671063	-0.43899589112456283	-0.6120760600024604	-0.035829009519819155	0.545784021941094	-0.5854751121577967	0.6189341002051353	0.3765930886898465	-0.7506023955610661	-0.532164456476872	0.0728715738960524	-0.16448380602065515	-0.22162417512666927	-0.09017026111872506	0.5451442928831484	-0.6483690320748325	-0.5687422176457237	0.1357449402552167	0.6195732892698012	0.5369551658913115	0.346635011427744	0.4792264035880953	0.17873898751267922	0.48272552714684447
KEGG_PATHOGENIC_ESCHERICHIA_COLI_INFECTION	0.09360438204835504	-0.3538473959600955	0.11604406241395025	-0.12503558949052734	-0.17605369931112183	-0.23534949940295324	-0.08440672948230774	0.24066581384819075	0.4111776109744849	0.2952716419376892	-0.1639722928154127	-0.3070895247568466	-0.1289157343437933	0.006168034775458714	0.02370486102072264	0.516374586924234	-0.274914104039358	0.22019719696726678	-0.2590731958649667	-0.2509610010379928	0.011292307020202036	-0.23779012544645564	0.3521798888200688	-0.17405229581014622
KEGG_PATHWAYS_IN_CANCER	0.23254770652504736	-0.1744351955050347	0.3367822134252415	-0.14994166883609483	-0.11553000774147326	-0.03583215348780888	-0.1652392074128398	-0.22873946770576586	0.09499369802362585	0.28980913540776887	-0.2352562983733849	-0.18108567518809884	-0.11376878171987102	0.02190714306233689	0.13875927624324647	0.23985446966613008	0.3123228449081974	0.11778300644935087	-0.10709824510524417	-0.30559891735265954	-0.03407511182476908	0.060666404430686965	-0.09875952314979376	-0.25483683564710924
KEGG_PHOSPHATIDYLINOSITOL_SIGNALING_SYSTEM	-0.20774629294817898	-0.15074765730459427	-0.3407799423008252	-0.2623254649898479	-0.20385920269661073	-0.005546972014086077	0.15048887569552571	0.05263692967751396	-0.4028782152948688	-0.05744512880457814	0.35060237383257353	0.04558312377604576	0.25111501112515394	0.24695534274694103	-0.08474591509393112	-0.32057285193210067	-0.08893938004044577	0.12706196154717442	-0.11349451992471776	0.10134114317784587	-0.17149952359160153	-0.47979837137576486	-0.13842871600368417	0.22278805519145464
KEGG_PROGESTERONE_MEDIATED_OOCYTE_MATURATION	-0.024373146957941516	-0.3969095733823381	0.22894327670601322	-0.22164961410056386	0.02571180611016602	0.3146408060617534	0.04827172274140677	-0.17202349691169083	-0.058570961565401175	0.2519349265764366	0.06326307484920118	-0.2236914899304313	0.007247161263752716	-0.18916550621486677	0.24738724316564023	0.30643144567670605	-0.34141887145868516	-0.049715202567189504	-0.11902443958071118	-0.41687465781401917	-0.39006685179473977	-0.015820382302042024	0.021734807823935443	-0.34619379878767265
KEGG_PROSTATE_CANCER	0.09095325409849961	-0.36200458165777494	0.18356262808590945	-0.256817834777588	0.10864962879069422	0.24413632377590605	-0.2843119872140535	-0.30562044481612494	-0.08184039026628623	0.292021473440514	0.12189844780650705	-0.313591186122825	-0.11604125043674901	-0.12697229672934995	-0.04119142960165076	0.28903300007621885	-0.10064791503510864	0.0690604142369467	-0.24622935092137493	-0.23785934059780592	-0.002521566490164995	-0.06504861197442882	-0.029844248391004552	-0.22052864778501158
KEGG_REGULATION_OF_ACTIN_CYTOSKELETON	0.2142439012324041	-0.3074867761485782	0.20592643261612317	-0.1632349922123566	-0.015672587283558415	0.07061397435850544	-0.18205483194626532	-0.07037706007378874	0.2645948466898381	0.24943700319461928	-0.21967940797737767	-0.20045630328815947	-0.13018415378995268	-0.21284149958064422	0.13297296318374413	0.31365591068106524	0.05198977102307885	0.04599974146647645	-0.1834062590287232	-0.24819300648883214	-0.27168751668558105	-0.21168264310477308	0.2318917129349748	-0.18199429943873213
KEGG_RENAL_CELL_CARCINOMA	0.07609110541552322	-0.19545791034687834	0.3127843173564669	-0.18830084063058133	0.10776225895439215	0.001861710641664932	-0.009779296741484478	-0.021867543733314676	0.12684150621060974	0.31918303818542226	-0.1458619342348364	-0.1203439562059544	-0.23351018292385672	-0.08395805109466589	0.09980459883112261	0.4172386417361615	0.04919938334838571	-0.17220446218430718	-0.12007778080020245	-0.19166311607778716	-0.21909373708799812	0.16554812527968607	-0.06577755586284723	-0.10356775226753212
KEGG_RIBOSOME	-0.7082370432256235	-0.27126130969675166	-0.44995602273779917	-0.053520537714707744	-0.3045984740194871	-0.5295441220817255	0.2828533697262325	0.13317372037422753	-0.09040257706462229	-0.477376446916179	0.5610654606220129	-0.28560968787632546	0.37190539922966526	-0.19058842223875355	0.11422599784251039	-0.6386944388254898	-0.5423554017747373	0.5005038466755721	-0.07671695481965163	-0.24951291336373804	0.06046272101248504	-0.43978413313954523	0.45918576720329174	0.4323535677665332
KEGG_RIG_I_LIKE_RECEPTOR_SIGNALING_PATHWAY	0.6068344373891932	-0.1785760138822877	0.3144396047612107	-0.2879792877469094	0.0471950480666484	-0.07044755001306494	-0.15630630656625058	-0.5267581865938757	-0.2940858928062409	0.39205789232223504	-0.14441061331013733	-0.19287238181562025	0.26615500919948487	0.28625572327488974	0.02169927439916483	0.3731782923560608	0.4290915627849179	-0.19882389933810912	-0.1247903029752999	-0.40203583825876915	-0.08372842956246207	0.3284917155231493	-0.05489497119879061	-0.26023380129876156
KEGG_SMALL_CELL_LUNG_CANCER	0.37368956070794823	-0.25448685745881305	0.2608214982379539	-0.13145952800785937	-0.21848377280013268	0.013259186520474003	-0.17062021502859237	-0.4078913320576233	0.2927359721618043	0.5169421793490554	-0.08160163438999557	-0.26161867205370004	0.10011466955377968	0.0634310728130528	0.09588898266458068	0.3327974537145123	0.2418579330066633	0.2671754602237773	-0.3253371667504672	-0.5750124415654218	0.18851685229001836	-0.2693258219213458	-0.11622955595910181	-0.1069785115627889
KEGG_SPLICEOSOME	-0.05834586366718966	0.04081163655286492	0.0770153557685282	-0.04142817420009681	-0.20355688977100334	0.1974949166147424	-0.18644977857729997	-0.39259419249191374	0.03383441348833352	0.19987916010789977	0.17664105215623674	-0.216452031206472	-0.1312771011990504	0.14064549338334098	-0.03490829402910875	0.1158994070801292	0.036041575206566714	0.13975592947756443	-0.09921709374135573	-0.25891227101998854	-0.10707116275091833	-0.11667480088453105	0.2571080343529241	0.04249803974722455
KEGG_T_CELL_RECEPTOR_SIGNALING_PATHWAY	0.46417225274757884	-0.23153323490849276	0.31565413918126756	-0.3644594775068972	0.03235772805208073	0.3431737466502011	-0.18167586923889883	-0.17481217323760792	0.23354022037188554	0.4035597304062861	-0.22087253355351516	-0.155050071541238	-0.026396886095480354	-0.11166244684302892	-0.00565394874384656	0.46432974050231646	0.13018964885216464	0.13379062281322346	-0.2077813152288075	-0.4775590277154077	-0.2843537703723381	-0.06414320130174433	-0.08044592142878423	0.015120398673229535
KEGG_TGF_BETA_SIGNALING_PATHWAY	-0.21406859048387267	-0.2833779869174833	-0.17921297346077703	-0.052040399391817566	0.2601596063010745	-0.083712231218238925	0.03349118918914054	0.14347860249648392	0.08323900734734066	0.2689008917269412	-0.03813507853911813	-0.20923487939714078	0.06702421636017161	0.08129125366343207	-0.21975957926371392	0.2759130269580358	-0.16738149058975854	0.03429517259863371	-0.32912509354801894	0.2673878500865654	-0.11727271609885812	-0.1525858785739043	-0.15630386882277808	-0.50801771003752
KEGG_TIGHT_JUNCTION	-0.13644551404154054	-0.2228468877020751	-0.2946472511757266	-0.3906328002380203	-0.030197633756527398	-0.07736589145490788	0.010468553065031722	-0.03964437464359741	0.059639383583379016	-0.009283254562424292	0.19626505342800432	-0.09878251334707336	-0.26332148143147144	-0.2904112122882014	0.0020151456322084205	0.12978865126276382	-0.09501000393476017	-0.014643919755488871	-0.1369844254193847	0.09744432585717522	0.06759238095348558	-0.31436659629992936	0.03459889972341222	-0.04007797859599532
KEGG_TOLL_LIKE_RECEPTOR_SIGNALING_PATHWAY	0.47389982764643973	-0.18326519466737928	0.26937749728886473	-0.2502689114586994	0.214838089790777	0.1558309633482391	0.03625206330133082	-0.18286148967147436	0.10796279473543362	0.2504241204619069	-0.45942341884687515	-0.14717491289835483	0.1399815062957633	-0.09075703772322999	0.23036070883902704	0.4155253470782086	0.4223908139449498	-0.24382747915141684	0.05045382424269375	-0.40839753149059865	0.009362715683482459	-0.1389255675626126	-0.10524892411425818	-0.10366454759115358
KEGG_TYPE_I_DIABETES_MELLITUS	0.36713263954925224	-0.39076582786415837	0.3605175078078548	-0.4345298474890933	-0.43048885251631386	-0.4870726015847962	-0.27749919010381496	-0.36200264272676425	0.5941916248799222	0.3447150803320769	-0.32361400555049924	-0.647808602753869	0.21299901330453339	-0.08929632139194384	0.6142700247035421	0.3655787363559052	-0.041695203337858255	0.5900410876083235	-0.4480337980635506	-0.5705988597865822	0.10040650952398175	0.01220257496740107	0.686892967163435	-0.48994022556124484
KEGG_UBIQUITIN_MEDIATED_PROTEOLYSIS	-0.02926764635966178	-0.11146527043122205	-0.1108820432850052	-0.02814082928866518	-0.11495297581015052	-0.2325398722088553	-0.030002542588347697	0.13811193909173486	0.16928032091881312	0.19987774263851749	0.29697840762024413	0.04196822219409396	0.06844512484966084	0.09692369586054675	0.13881975584657957	0.03658457177970126	-0.17963981786230301	-0.020170116979241176	-0.09797790953643334	0.15768646284691737	-0.07200821260272947	-0.27477908113768634	-0.20768776335501615	-0.06896480442700056
KEGG_VASCULAR_SMOOTH_MUSCLE_CONTRACTION	-0.259826032214357	-0.2913119606046406	0.015556433911383533	-0.11158458035523974	-2.3540530844834429e-4	-0.06814995946771317	0.14259207983841726	0.19455185519448542	0.09209091610904385	-0.22195463854422515	0.2848168724728116	0.1267635050277801	-0.053312778663249155	-0.01824331893973652	-0.38458156966360413	0.007256057812943667	-0.06086832163753442	-0.15538249235397514	0.21446600493937384	0.032781382175577495	-0.5684708922517554	-0.27247778809455614	-0.2794378993948714	-0.14923182891191572
KEGG_VEGF_SIGNALING_PATHWAY	0.24923548357751002	-0.012215946226711655	0.26517950654968847	-0.1260457933909453	0.04568711089683322	0.09216045770151257	-0.07559348374046643	-0.1138113509381184	0.3363377434214431	0.19202284487563648	-0.008488797002962095	-0.08685495173169666	0.06968590545974981	0.06990105926495388	0.019536144024989543	0.266156427811686	0.19522247216028932	-0.029765667633818188	-0.1834782545284418	-0.5470734961972733	-0.2118619693583358	-0.2909539787987539	0.07046263434110836	0.049262180278127315
KEGG_VIBRIO_CHOLERAE_INFECTION	-0.15545568693434306	-0.017123078507112754	-0.024335859472493837	0.12406362360318271	0.03815923657252632	0.09293962004014404	0.04980471569852499	0.04058072606459033	-0.004877127669428771	-0.028986696310356996	0.07599901283566357	-0.14004050678688526	0.40061921450297194	-0.07368675712316576	-0.12769532342768106	0.05304805348679745	0.3869540981754381	-0.10891632879356156	-0.06513904997688011	0.0274428296456376	-0.091823575330157	-0.07617836292805275	0.010307858071089387	0.384657984863416
KEGG_VIRAL_MYOCARDITIS	0.21308859466754182	-0.39808396892778847	0.34317754522734656	-0.26934847819880336	-0.37549138840695706	-0.2825184689190601	0.0998144235443644	-0.36399803628368604	0.4064138396177984	0.015791484888376756	-0.2719764372683278	-0.3810112870439627	0.042911704478090756	0.06666847260047556	0.4380338520537899	0.17364662388846888	-0.05281278813325929	0.48253832906678396	-0.5812512438493409	-0.5351316355537974	-0.10019958136832612	0.09753482065078609	0.5144057627642699	-0.32175193227824295
KEGG_WNT_SIGNALING_PATHWAY	-0.022321186458350767	0.08318757196704178	0.1552906307063434	-0.023798400215669063	0.0071320165253069	0.2535617468687844	0.016898977676752358	0.11619247700586093	0.28287190702141773	0.09576320224260952	0.09196064167876455	-0.06411667959061151	0.15534107612679232	0.4696306672925891	-0.28555192660247075	0.05348131538073976	-0.0651108459311896	0.0459513877671294	-0.11515136496212548	-0.03098179185882935	-0.33164124973705206	-0.27323386599068034	-0.17878299444292667	-0.0337022283274461
